depmap_id,cell_line_display_name,lineage_1,lineage_2,lineage_3,lineage_4,camptothecin (GDSC2:1003),vinblastine (GDSC2:1004),cisplatin (GDSC2:1005),cytarabine (GDSC2:1006),docetaxel (GDSC2:1007),gefitinib (GDSC2:1010),navitoclax (GDSC2:1011),vorinostat (GDSC2:1012),nilotinib (GDSC2:1013),olaparib (GDSC2:1017),axitinib (GDSC2:1021),AZD7762 (GDSC2:1022),afatinib (GDSC2:1032),PLX-4720 (GDSC2:1036),NU-7441 (GDSC2:1038),doramapimod (GDSC2:1042),Wee1 Inhibitor (GDSC2:1046),nutlin-3 (GDSC2:1047),mirin (GDSC2:1048),PD-173074 (GDSC2:1049),ZM-447439 (GDSC2:1050),alisertib (GDSC2:1051),Ro-3306 (GDSC2:1052),MK-2206 (GDSC2:1053),palbociclib (GDSC2:1054),NVP-BEZ235 (GDSC2:1057),GDC-0941 (GDSC2:1058),AZD8055 (GDSC2:1059),PD-0325901 (GDSC2:1060),obatoclax (GDSC2:1068),5-fluorouracil (GDSC2:1073),dasatinib (GDSC2:1079),paclitaxel (GDSC2:1080),crizotinib (GDSC2:1083),sirolimus (GDSC2:1084),sorafenib (GDSC2:1085),BI-2536 (GDSC2:1086),irinotecan (GDSC2:1088),oxaliplatin (GDSC2:1089),BMS-536924 (GDSC2:1091),PF-4708671 (GDSC2:1129),APR-246 (GDSC2:1131),erlotinib (GDSC2:1168),niraparib (GDSC2:1177),MK-1775 (GDSC2:1179),dinaciclib (GDSC2:1180),gemcitabine (GDSC2:1190),bortezomib (GDSC2:1191),GSK269962 (GDSC2:1192),SB-505124 (GDSC2:1194),tamoxifen (GDSC2:1199),YK-4-279 (GDSC2:1239),FK-866 (GDSC2:1248),BMS-345541 (GDSC2:1249),AZ960 (GDSC2:1250),talazoparib (GDSC2:1259),trametinib (GDSC2:1372),dabrafenib (GDSC2:1373),temozolomide (GDSC2:1375),ruxolitinib (GDSC2:1507),linsitinib (GDSC2:1510),epirubicin (GDSC2:1511),pevonedistat (GDSC2:1529),AZD8931 (GDSC2:1549),uprosertib (GDSC2:1553),LCL-161 (GDSC2:1557),lapatinib (GDSC2:1558),NVP-AUY922 (GDSC2:1559),alpelisib (GDSC2:1560),taselisib (GDSC2:1561),SCH772984 (GDSC2:1564),leflunomide (GDSC2:1578),entinostat (GDSC2:1593),OSI-027 (GDSC2:1594),LGK-974 (GDSC2:1598),VE-822 (GDSC2:1613),WZ4003 (GDSC2:1614),AZD5582 (GDSC2:1617),GSK2606414 (GDSC2:1618),PCI-34051 (GDSC2:1621),wnt-c59 (GDSC2:1622),I-BET-762 (GDSC2:1624),apabetalone (GDSC2:1625),OTX015 (GDSC2:1626),ML323 (GDSC2:1629),GS-9973 (GDSC2:1630),PRT062607 (GDSC2:1631),AGI-6780 (GDSC2:1634),AZD4547 (GDSC2:1786),ibrutinib (GDSC2:1799),Acetalax (GDSC2:1804),oxaliplatin (GDSC2:1806),carmustine (GDSC2:1807),topotecan (GDSC2:1808),teniposide (GDSC2:1809),mitoxantrone (GDSC2:1810),dactinomycin (GDSC2:1811),fludarabine (GDSC2:1813),nelarabine (GDSC2:1814),fulvestrant (GDSC2:1816),vincristine (GDSC2:1818),docetaxel (GDSC2:1819),podophyllotoxin (GDSC2:1825),Dihydrorotenone (GDSC2:1827),Elephantin (GDSC2:1835),Sinularin (GDSC2:1838),Sabutoclax (GDSC2:1849),OF-1 (GDSC2:1853),KRAS (G12C) Inhibitor-12 (GDSC2:1855),BDP-00009066 (GDSC2:1866),buparlisib (GDSC2:1873),BVD-523 (GDSC2:1908),venetoclax (GDSC2:1909),ABT-737 (GDSC2:1910),dactinomycin (GDSC2:1911),GSK2110183 (GDSC2:1912),AZD3759 (GDSC2:1915),AZD5363 (GDSC2:1916),AZD6738 (GDSC2:1917),AZD8186 (GDSC2:1918),osimertinib (GDSC2:1919),cediranib (GDSC2:1922),GDC-0068 (GDSC2:1924),GDC-0810 (GDSC2:1925),GNE-317 (GDSC2:1926),I-BRD9 (GDSC2:1928),Telomerase Inhibitor IX (GDSC2:1930),MIRA-1 (GDSC2:1931),NVP-ADW742 (GDSC2:1932),P22077 (GDSC2:1933),savolitinib (GDSC2:1936),UMI-77 (GDSC2:1939),WIKI4 (GDSC2:1940),YM-155 (GDSC2:1941),WEHI-539 (GDSC2:1997),BPD-00008900 (GDSC2:1998),foretinib (GDSC2:2040),BIBR-1532 (GDSC2:2043),Pyridostatin (GDSC2:2044),AMG-319 (GDSC2:2045),MK-8776 (GDSC2:2046),BVD-523 (GDSC2:2047),vinorelbine (GDSC2:2048),VX-11e (GDSC2:2096),uprosertib (GDSC2:2106),AZ6102 (GDSC2:2109),GSK591 (GDSC2:2110),VE-821 (GDSC2:2111),AZD6482 (GDSC2:2169),AT13148 (GDSC2:2170),BMS-754807 (GDSC2:2171),JQ1-(+) (GDSC2:2172),Column1,Column2,Column3,Column4,Column5,Column6,Column7,Column8,Column9,Column10,Column11,Column12,Column13,Column14,Column15,Column16,Column17,Column18,Column19,Column20,Column21,Column22,Column23,Column24,Column25,Column26,Column27,Column28,Column29,Column30,Column31,Column32,Column33,Column34,Column35,Column36,Column37,Column38,Column39,Column40,Column41,Column42,Column43,Column44,Column45,Column46,Column47,Column48,Column49,Column50,Column51,Column52,Column53,Column54,Column55,Column56,Column57,Column58,Column59,Column60,Column61,Column62,Column63,Column64,Column65,Column66,Column67,Column68,Column69,Column70,Column71,Column72,Column73,Column74,Column75,Column76,Column77,Column78,Column79,Column80,Column81,Column82,Column83,Column84,Column85,Column86,Column87,Column88,Column89,Column90,Column91,Column92,Column93,Column94,Column95,Column96,Column97,Column98,Column99,Column100,Column101,Column102,Column103,Column104,Column105,Column106,Column107,Column108,Column109,Column110,Column111,Column112,Column113,Column114,Column115,Column116,Column117,Column118,Column119,Column120,Column121,Column122,Column123,Column124,Column125,Column126,Column127,Column128,Column129,Column130,Column131,Column132,Column133,Column134,Column135,Column136,Column137,Column138,Column139,Column140,Column141,Column142,Column143,Column144,Column145,Column146,Column147,Column148,Column149,Column150,Column151,Column152,Column153,Column154,Column155,Column156,Column157,Column158,Column159
ACH-000019,MCF7,Breast,Breast Carcinoma,ERpos HER2neg,Luminal,,,,,,,,1.909676891,3.102289995,,,,,,2.721610374,,,,,,,,,,,,,,,,,,,,,3.037757853,1.413577552,,,,,,,,,,,,,,,,,,,,,,,,,,,,,,3.08568163,,,,,,,,,,,3.137549592,,,,,,,,,,,,,-1.829822003,,,,,,,,,,,,,-3.997142966,,,-0.307571952,,,2.754511797,2.038346738,,,,-3.90025253,,,,,,,,,,,,0.378765814,,,,,,,,,,2.263340131,,,,,,,,,,,,,,,,,,,,,,,,,,,,,,,,,,,,,,,,,,,,,,,,,,,,,,,,,,,,,,,,,,,,,,,,,,,,,,,,,,,,,,,,,,,,,,,,,,,,,,,,,,,,,,,,,,,,,,,,,,,,,,,,,,,,,,,,,,,,,,,,,,,,,,,,,,,,,,,,,,,,,,,,,,,,,,
ACH-000111,HCC1187,Breast,Breast Ductal Carcinoma,ERneg HER2neg,Basal A,,,,,,,,,,,,,,,,,,,5.450250198,,,,,,,,,,,2.066763325,,,,,,,,,,,,,,,,-6.065295476,,,,,,,,,-1.371543669,,,,,,,,,,,,,,,,,,,,,,,,,,,,,,,,,,,,1.720544982,,,,,1.52412744,,,,,-6.683694982,-6.580095109,-2.515790717,-3.42949344,,,-3.124553091,,,3.289283259,,,,,-5.50753618,,,,,,,,,,,,,,,,,2.989868902,,-3.255127999,,,-0.02432002,,,,,,-8.217003278,,,,,,,,,,,,,,,,,,,,,,,,,,,,,,,,,,,,,,,,,,,,,,,,,,,,,,,,,,,,,,,,,,,,,,,,,,,,,,,,,,,,,,,,,,,,,,,,,,,,,,,,,,,,,,,,,,,,,,,,,,,,,,,,,,,,,,,,,,,,,,,,,,,,,,,,,,,,,,,,,,,,,,,,
ACH-000117,EFM192A,Breast,Breast Adenocarcinoma,ERpos HER2pos,HER2 Amp,,,,,,,,2.586274691,,,,,,,,,,,,,,,,,,,3.168666211,,,,,,,,,,,,,,,,,,,-4.879345092,,-7.769650676,,,,,,,,,,,,,,,,,,,,,,,,,,,,,,,,,,,,,,,,,,,,,,,,,,1.363300665,,,,,,,,,,,,,1.252892853,,,,-4.956413671,,,,,,,,,,0.356928947,,,,,,,,,-4.926132997,,,,,,,,,,,,,,,,,,,,,,,,,,,,,,,,,,,,,,,,,,,,,,,,,,,,,,,,,,,,,,,,,,,,,,,,,,,,,,,,,,,,,,,,,,,,,,,,,,,,,,,,,,,,,,,,,,,,,,,,,,,,,,,,,,,,,,,,,,,,,,,,,,,,,,,,,,,,,,,,,,,,,,,,,,,,,,,,,
ACH-000147,T47D,Breast,Breast Ductal Carcinoma,ERpos HER2neg,Luminal,,,,,,,2.947962599,2.368427125,3.205299929,,,,3.112684327,,,,,,,,,,,,,,,,,,,,,,,,,,,,,4.649045418,,,,,,,,,,,,,,,,,,,,-0.388195421,,,,,,,,,,,,,,,,3.213090469,,,,,,,,,,,,,,,,,,,,,,,,,,,,,-2.319550086,,,,1.075331094,,,,-6.816604281,,,,,,,2.974216931,,,0.473747361,,,,3.309872156,,,,,-3.834740189,,,,,,,,,,,,,,,,,,,,,,,,,,,,,,,,,,,,,,,,,,,,,,,,,,,,,,,,,,,,,,,,,,,,,,,,,,,,,,,,,,,,,,,,,,,,,,,,,,,,,,,,,,,,,,,,,,,,,,,,,,,,,,,,,,,,,,,,,,,,,,,,,,,,,,,,,,,,,,,,,,,,,,,,,,,,,,,,,
ACH-000148,HS578T,Breast,Breast Carcinoma,ERneg HER2neg,Basal B,,,,,-9.670420842,,0.427784491,,,,,0.290950688,2.256177231,,0.945240601,,0.792719218,,5.896662508,,2.808057892,,,,,,0.870091373,-1.757184793,,1.521971119,,-3.319810931,-8.036991783,,,2.96725279,,,,2.947181347,,4.549037508,,,-0.022968858,-6.031826786,,,,,,1.139703565,-6.816708708,,1.035976607,,,,,,,,,,,,2.350488854,,,,,,1.959798703,,,,,3.165879887,,,,,,,,,,,,,,,,,0.14864193,-0.379479468,,,,,-6.620903287,-8.275122662,-3.576163347,,4.206728894,,-1.638328496,,,,0.18144527,,,,-5.125604919,,,,,,,1.880683009,,,1.475456497,,-0.971879876,,,,,1.836572193,,-0.952974126,,,1.232313794,,,,,,-7.004929525,,,2.443283215,,,,,,0.090720773,,,,,,,,,,,,,,,,,,,,,,,,,,,,,,,,,,,,,,,,,,,,,,,,,,,,,,,,,,,,,,,,,,,,,,,,,,,,,,,,,,,,,,,,,,,,,,,,,,,,,,,,,,,,,,,,,,,,,,,,,,,,,,,,,,,,,,,,,,,,,,,,,,,,,,,,,,,,,,,
ACH-000196,HCC1599,Breast,Breast Ductal Carcinoma,ERneg HER2neg,Basal A,,,,,,,,0.477496108,,,,-1.942826085,,,,,0.769548718,,,,,,,,,,,,,,,,,3.006844634,,,-6.426034262,,,,,,,,0.086449921,,-5.131918481,-6.699324484,,,,,,,,,,,,,,,,,3.050696809,,,,,,,,-0.490166713,,,,,,,,,,,,,,,,,,,,,,,,,,,,,,,,,,,,,,,,,,,,,,,,,,,,,,,,,,,,,,,,2.610870476,,,,0.101266608,,,,,,,,,,,,,,,,,,,,,,,,,,,,,,,,,,,,,,,,,,,,,,,,,,,,,,,,,,,,,,,,,,,,,,,,,,,,,,,,,,,,,,,,,,,,,,,,,,,,,,,,,,,,,,,,,,,,,,,,,,,,,,,,,,,,,,,,,,,,,,,,,,,,,,,,,,,,,,,,,,,,,,,,,,
ACH-000212,CAL120,Breast,Breast Carcinoma,ERneg HER2neg,Basal B,,,,,,,0.46220503,3.010375266,3.09725867,,,1.744019897,,,,,,,6.606464691,,,,,,,-4.992131258,2.616182959,-3.021369114,,1.885452839,,,,,,,,,,3.029589706,,4.803538881,,,3.049821157,-3.602786074,,,,,,,,,,,,,,,,-0.90813308,,,,,,,,,,,,,,,,,,,,,,,,,,,,,,,,1.405383111,1.466916098,,,,,,,-0.521195446,,,,,0.802425122,,,3.099406482,1.581124393,,,0.573115777,-6.733054474,,,,,,,3.231741555,,,-1.114506954,,0.513236094,,,,,2.297832724,,,-1.17495281,,1.194149855,,,,,,,,,,,,,,,,,,,,,,,,,,,,,,,,,,,,,,,,,,,,,,,,,,,,,,,,,,,,,,,,,,,,,,,,,,,,,,,,,,,,,,,,,,,,,,,,,,,,,,,,,,,,,,,,,,,,,,,,,,,,,,,,,,,,,,,,,,,,,,,,,,,,,,,,,,,,,,,,,,,,,,,,,,,,,,
ACH-000223,HCC1937,Breast,Breast Ductal Carcinoma,ERneg HER2neg,Basal A,,,,,,,2.732648602,,,,,,,,,,,,,,,,,,,,,,,,,,,,,,,,,,,,,,,,,,,,,,,,,,,,,,,,,,,,,,,,,,,,,,,2.532292676,,,,,,,,,,,,,,,,,,,,,,,,,,,,,,,,,,,,,,,,,,,,3.234757526,,,,,,,,,,,,-4.736150695,,,2.108557857,,,,,,,,,,,,,,,,,,,,,,,,,,,,,,,,,,,,,,,,,,,,,,,,,,,,,,,,,,,,,,,,,,,,,,,,,,,,,,,,,,,,,,,,,,,,,,,,,,,,,,,,,,,,,,,,,,,,,,,,,,,,,,,,,,,,,,,,,,,,,,,,,,,,,,,,,,,,,,,,,,,,,,,,,,,,,,
ACH-000248,AU565,Breast,Breast Adenocarcinoma,ERneg HER2pos,HER2 Amp,,,,,,,2.895736072,,2.95366258,,,,0.412219916,,3.056304377,,,,,,3.174178406,,,,,,,,,2.4159452,,,,,,,,,,,,4.579159564,,,,-4.743563028,-4.604456102,,,,,,,2.641344037,,,,,,,,-0.847616187,,,,,,,,,,,0.77305128,,,,,2.894807086,,,,,,,,,,,,,,,,-2.290318514,-0.621064215,-0.736537551,,,,,-5.058964742,-7.196817042,-3.99042133,,,,,,,3.010354716,2.699555226,,,,-5.021202856,,,,,,-0.093254124,3.207562216,,,0.48848375,,,,,,,,,-4.217260668,,,2.682218351,,,,,,-8.579479905,,,3.000448502,,,,,,,,,,,,,,,,,,,,,,,,,,,,,,,,,,,,,,,,,,,,,,,,,,,,,,,,,,,,,,,,,,,,,,,,,,,,,,,,,,,,,,,,,,,,,,,,,,,,,,,,,,,,,,,,,,,,,,,,,,,,,,,,,,,,,,,,,,,,,,,,,,,,,,,,,,,,,,,,,,,,,
ACH-000258,DU4475,Breast,Breast Carcinoma,ERneg HER2neg,Luminal HER2 Amp,-5.350877034,-4.77912505,,,-8.065552995,,,,,,,-0.895154701,,-1.23200653,3.254693166,,,1.468146816,6.053583983,,2.912637563,,,,,-2.054364993,,,-8.115697776,-0.052494678,,,,2.07193844,,,-4.263159928,1.138456649,,2.691325686,,,,,0.311495939,-6.036151606,-3.974312759,,,,3.116735854,-0.091892161,,,0.826521029,0.510617406,,,,,3.131623158,-4.85884444,-5.061078611,,,,,,,,-5.173780746,,-1.044348552,,,,2.834092696,,,,,,,,,,2.804540334,,,,,,,-2.914616384,-4.025025476,-4.890636182,-6.669786408,,,,-1.976559607,,-2.41095112,,,,-3.367886041,,3.018665029,2.306893043,0.857736453,-1.517325321,,-3.82995797,,,,,1.47740603,,,1.977194242,,,1.443791219,,-1.652318337,,2.448915618,,,2.100914374,,-3.620850167,-1.475890542,,0.175494152,,,,,-2.015416968,,-2.009106245,2.847642956,1.820510889,,3.259763125,,,,1.047962165,,,,,,,,,,,,,,,,,,,,,,,,,,,,,,,,,,,,,,,,,,,,,,,,,,,,,,,,,,,,,,,,,,,,,,,,,,,,,,,,,,,,,,,,,,,,,,,,,,,,,,,,,,,,,,,,,,,,,,,,,,,,,,,,,,,,,,,,,,,,,,,,,,,,,,,,,,,,,,,
ACH-000276,HCC38,Breast,Breast Ductal Carcinoma,ERneg HER2neg,Basal A,,,,,,,0.535021499,,,,,1.757494287,,,,,,,,,,,,,,,,,,,,,,,,,,,,,,,,,1.296017671,-2.165036135,-4.796191995,,,,,,,,,,,,,,,,,,,,3.138620919,,,,,,,,,,,2.696585254,,,,,,,,,,,,,,,,1.21519987,,,,,,,,,,,,,0.541548249,,,,,,,1.61193402,-6.503790023,,,,,,,,,,,,,,,,,3.123742151,,-5.256929609,,,2.933433904,,,,,,,,,,,,,,,,,,,,,,,,,,,,,,,,,,,,,,,,,,,,,,,,,,,,,,,,,,,,,,,,,,,,,,,,,,,,,,,,,,,,,,,,,,,,,,,,,,,,,,,,,,,,,,,,,,,,,,,,,,,,,,,,,,,,,,,,,,,,,,,,,,,,,,,,,,,,,,,,,,,,,,,,,,,,,,
ACH-000277,HCC1419,Breast,Breast Ductal Carcinoma,ERpos HER2pos,HER2 Amp,,,,,,,3.005153127,2.650830693,2.734154529,,,,,,,3.228371969,,,,,,,,,,,,,,,,,,,,,,,,,,,,,,,,-5.650482434,,,,,,,,,,,,,,,,,,,,,,,,,,,,,,2.629883976,,,,,,,,,,,,,-0.963019386,,,,,,,,,,,,,,,,-0.733831213,,,,,,,,,,,,,,,,,,,,1.723173956,,,,,,,-0.923427954,,,,,,,,,,,,,,,,,,,,,,,,,,,,,,,,,,,,,,,,,,,,,,,,,,,,,,,,,,,,,,,,,,,,,,,,,,,,,,,,,,,,,,,,,,,,,,,,,,,,,,,,,,,,,,,,,,,,,,,,,,,,,,,,,,,,,,,,,,,,,,,,,,,,,,,,,,,,,,,,,,,,,,,,,,,,,,,,,
ACH-000288,BT549,Breast,Breast Ductal Carcinoma,ERneg HER2neg,Basal B,,,,,,,,,2.208075483,,,,3.017258744,,,,2.376876479,,,,,,,,,,,,,,,,-5.25272195,2.846187051,,,2.04680654,,,3.182607576,,,,,,,,-7.56970766,,,,,,,,,,,,,,-0.797527414,,,,,,,,,,,,,,,,3.163255574,,,,,,,,,,,,,,,,,,,,0.261349925,,,,,,,4.298515025,,1.73746208,,,2.134735878,,,,,-5.118570058,,,,,,,2.830796721,,,,,,,,,,2.908747878,,-2.781316435,,,3.071930649,,,,,,,,,,,,,,,,,,,,,,,,,,,,,,,,,,,,,,,,,,,,,,,,,,,,,,,,,,,,,,,,,,,,,,,,,,,,,,,,,,,,,,,,,,,,,,,,,,,,,,,,,,,,,,,,,,,,,,,,,,,,,,,,,,,,,,,,,,,,,,,,,,,,,,,,,,,,,,,,,,,,,,,,,,,,,,
ACH-000330,EFM19,Breast,Breast Ductal Carcinoma,ERpos HER2neg,Luminal,,,,,,,,1.418598424,,,,,,,,3.303814088,3.131913821,,6.61057383,,,,,,,,,,,2.590629787,,,-5.565804561,,,,2.261642138,,,,,3.905496939,,,,,,-7.344701195,,,,1.852692834,-5.714073778,,,,,,,,,,,,,,,,,,,,,,,,,3.002570952,,,,,,,,,,,,,,,,,,,,,,,-3.104460675,-2.29703817,-0.359458987,,,,,,,,,,,,-4.103981459,,,,,,,,,,-0.750156643,,0.180657831,,,,,3.228733953,,-5.966233748,,,2.921528152,,,,,,-5.830145267,,,,,,,,,,,,,,,,,,,,,,,,,,,,,,,,,,,,,,,,,,,,,,,,,,,,,,,,,,,,,,,,,,,,,,,,,,,,,,,,,,,,,,,,,,,,,,,,,,,,,,,,,,,,,,,,,,,,,,,,,,,,,,,,,,,,,,,,,,,,,,,,,,,,,,,,,,,,,,,,,,,,,,,,
ACH-000349,HCC1500,Breast,Breast Ductal Carcinoma,ERpos HER2neg,Luminal,,,,,,,-2.691921774,2.523976627,,,,,,,,,,,,,,,,,,,,,,2.176084706,,,,,,2.894885622,2.619552076,,,,,,,,,,,,,,,,,,,,,,,,,-0.327613269,,,,,,,,,,,1.413067983,,,,3.268891466,2.238037929,,,,,,,,,3.200364704,,,,-1.431815982,,,0.436510588,,,,,,,-1.474714688,,,,,,-1.316871391,,,,,,-4.367779367,-3.400837109,-6.27971105,,,,,,,2.421998127,,,,,1.80908492,,2.581893844,,,,,-0.82915485,,,,,,,,,,,,2.833473338,,,,,,,,,,,,,,,,,,,,,,,,,,,,,,,,,,,,,,,,,,,,,,,,,,,,,,,,,,,,,,,,,,,,,,,,,,,,,,,,,,,,,,,,,,,,,,,,,,,,,,,,,,,,,,,,,,,,,,,,,,,,,,,,,,,,,,,,,,,,,,,,,,,,,,,,,,,,,,,,,,,,,
ACH-000352,HCC1428,Breast,Breast Carcinoma,ERpos HER2neg,Luminal,,,,,,,,,2.311989895,,,,,,,,,,,,,,3.2000696,,,,,,,1.952119719,,,,3.19441543,,,2.204118573,,,,,,,,,,,,,,,,,,,,,,,,,,,,,,3.218659963,,,,,,1.185250316,,,,,,,,,,,,,,,,,,,,,,,,,,,,,,,,,,-1.235670331,,,,,,,2.680815043,,,,,,,,3.291687736,,,,,,,2.654415562,,,,,-5.861735978,,,3.04614131,,,,,,,,,,,,,,,,,,,,,,,,,,,,,,,,,,,,,,,,,,,,,,,,,,,,,,,,,,,,,,,,,,,,,,,,,,,,,,,,,,,,,,,,,,,,,,,,,,,,,,,,,,,,,,,,,,,,,,,,,,,,,,,,,,,,,,,,,,,,,,,,,,,,,,,,,,,,,,,,,,,,,,,,,,,,,,
ACH-000374,HCC1143,Breast,Breast Ductal Carcinoma,ERneg HER2neg,Basal A,,,,,,,,,,,,,,,,,,,,,,,,,,-2.528172746,,,,,,,,,,,1.692175406,,,,,,,,,,,,,,,,,,,,,,,,,,,,,,3.031564626,,,,,,,,,0.065978564,,2.003768682,,,,,,,,,,,,,,,,,,0.961032597,,,,,,,,,,,,,,,1.711024611,,,,-6.37818152,,,,1.555872908,,,,,,0.966924186,,,,,,,2.941417679,,-2.618590133,,,2.110452621,,,,,,,,,,,2.778561497,,,,,,,,,,,,,,,,,,,,,,,,,,,,,,,,,,,,,,,,,,,,,,,,,,,,,,,,,,,,,,,,,,,,,,,,,,,,,,,,,,,,,,,,,,,,,,,,,,,,,,,,,,,,,,,,,,,,,,,,,,,,,,,,,,,,,,,,,,,,,,,,,,,,,,,,,,,,,,,,,,,
ACH-000536,BT20,Breast,Breast Ductal Carcinoma,ERneg HER2neg,Basal A,,,,,,,3.229333361,,,,,,,,3.246881212,,,,6.626831953,,,,,,,,1.621340382,,,3.203730814,,,-5.050200501,,,,,,,,,,,,,-4.940134173,,-6.437046679,,,,,,,,,,,,,,,,,,,,,2.637898073,-0.747245441,,,,,,,,,,,,,,,,,,,,,0.632605256,,,,,,,0.780632734,,,,,,-3.320304152,,,1.492644333,,,,0.376631828,,,,-5.720396029,,,,,,,,,,,,2.003817117,,,,,,,-5.785866702,,,,,,,,,,,,,,,,,,,,,,,,,,,,,,,,,,,,,,,,,,,,,,,,,,,,,,,,,,,,,,,,,,,,,,,,,,,,,,,,,,,,,,,,,,,,,,,,,,,,,,,,,,,,,,,,,,,,,,,,,,,,,,,,,,,,,,,,,,,,,,,,,,,,,,,,,,,,,,,,,,,,,,,,,,,,,,,,,
ACH-000554,UACC893,Breast,Breast Ductal Carcinoma,ERneg HER2pos,HER2 Amp,,,,,,,,2.221613591,3.057993797,,,,-4.016442074,,,,,,,,,,,0.097254099,,,-0.232871831,,,,,,,,,,,,,,,,,,,,,,,,,,,,,,,,,,,,,0.962466452,-0.026497164,,-0.444464591,,1.182308706,-3.343074798,,,,,,,,,,,,,,,,,,,,,,,,,,,,,,,,,,,,,,,,,,,,,,,,,,,,,,,,,,,,,,,,,,,3.222132399,,,,,,,,,,,,1.451105686,,,,,,,,,,,,,,,,,,,,,,,,,,,,,,,,,,,,,,,,,,,,,,,,,,,,,,,,,,,,,,,,,,,,,,,,,,,,,,,,,,,,,,,,,,,,,,,,,,,,,,,,,,,,,,,,,,,,,,,,,,,,,,,,,,,,,,,,,,,,,,,,,,,,,,,,,,,,,,,,,,
ACH-000568,UACC812,Breast,Breast Ductal Carcinoma,ERpos HER2pos,Luminal,,,,,,,2.883015968,2.191881288,,,,,,,,,,,,,,,,,,,1.398241422,,,,,,,,,2.090087001,,,,,,,,,,,,,,,,,,,,2.206707193,,,,,,,,,,,,,,,,,,,,,,,,,,,,,,,,,,,,,,,,,,,,,,,,,,,,,,,,,,,-4.721473944,,,,,,,2.849992162,,,,,3.16721824,,,,,3.219386939,,-5.862793853,,,3.037977907,,,,,,,,,3.315740921,,,,,,,,,,,,,,,,,,,,,,,,,,,,,,,,,,,,,,,,,,,,,,,,,,,,,,,,,,,,,,,,,,,,,,,,,,,,,,,,,,,,,,,,,,,,,,,,,,,,,,,,,,,,,,,,,,,,,,,,,,,,,,,,,,,,,,,,,,,,,,,,,,,,,,,,,,,,,,,,,,,,,
ACH-000573,MDAMB436,Breast,Breast Carcinoma,ERneg HER2neg,Basal B,,,,,,,,,,,,,,,,,,,,,,,,,,,,,,,,,,,,,,,,,,,,,,,,,,,,,,,,,,,,,,,,,,,,,,,,,,,,,,,,,,,,,,,,,,,,,,,,,,,,,,,,,,,1.284522205,,,,,,,,,,,,,,,,,,,,1.366550204,,,,,,,,,,,,,,,,,,,,,,,,,,,,,,,,,,,,,,,,,,,,,,,,,,,,,,,,,,,,,,,,,,,,,,,,,,,,,,,,,,,,,,,,,,,,,,,,,,,,,,,,,,,,,,,,,,,,,,,,,,,,,,,,,,,,,,,,,,,,,,,,,,,,,,,,,,,,,,,,,,,,,,,,,,,,,,,,,,,,,,,,
ACH-000621,MDAMB157,Breast,Breast Ductal Carcinoma,ERneg HER2neg,Basal B,,-7.612706735,,,,,,3.207493853,,,,,,,,,,,6.628526131,,,,,,,,,,,0.573138708,,,,,,,,,,,,,,,2.156536096,-5.090956031,-1.530506,-7.254931734,,,,,-6.659232274,,,,,,,,,-1.185906358,-0.926029827,,,,,,,,,6.63461234,,,,2.17933326,,,,,,,,,4.307074607,,,,,,,,,0.45102213,-0.389213045,,,,,,,,-1.183623234,-4.187304411,,,-1.662386834,2.016445484,,,2.466324455,,,,-6.657025677,,,,0.049377791,,,,,,,,1.695550442,,,,,,,-4.561351463,,,2.21177336,,,,,-0.110265507,,,,,,,,,,,,,,,,,,,,,,,,,,,,,,,,,,,,,,,,,,,,,,,,,,,,,,,,,,,,,,,,,,,,,,,,,,,,,,,,,,,,,,,,,,,,,,,,,,,,,,,,,,,,,,,,,,,,,,,,,,,,,,,,,,,,,,,,,,,,,,,,,,,,,,,,,,,,,,,,,,,,,,,,,
ACH-000624,HCC1806,Breast,Breast Ductal Carcinoma,ERneg HER2neg,Basal A,,-8.156093733,,-0.49860133,,,2.808618333,3.068169932,,,,,2.172124375,,,,,,5.373520202,,3.180135203,,,,,,,,,1.66004943,,,-5.83986271,,,,2.218815146,,,,,,,,,-3.647309284,,-6.635063378,,,,,,,,,,,,,,-1.234265973,-2.261293558,,,,,,,,,,,,,,3.303747357,2.912268746,,,,,,,,,,,,,,,,-0.27465785,,,,,,,-5.468692554,,-0.414682823,,,,0.151528335,,,2.747410941,0.578404847,,,,-7.01827602,,,,-0.168925735,,,2.560070849,,,,,-1.418903759,,3.138570705,3.048036868,,,,-4.80326732,,,2.048678619,,2.591447959,,-0.697552272,,-8.120258267,,,2.575586072,,1.37199202,,,,,,,,,,,,,,,,,,,,,,,,,,,,,,,,,,,,,,,,,,,,,,,,,,,,,,,,,,,,,,,,,,,,,,,,,,,,,,,,,,,,,,,,,,,,,,,,,,,,,,,,,,,,,,,,,,,,,,,,,,,,,,,,,,,,,,,,,,,,,,,,,,,,,,,,,,,,,,,,,,,
ACH-000643,HDQP1,Breast,Breast Ductal Carcinoma,ERneg HER2neg,Basal A,,,,,,,,3.054274048,2.708659295,,,,2.297266493,,,,,,6.522010016,,,,,,,,-1.589012704,,,,,-3.81939232,,,,,3.300856256,,,2.578818775,,3.890180552,,,1.904334954,,,-7.297089542,,,,,,,,,,,,,,,,3.037997001,,,,,,0.968853843,,,,,,,,0.301340869,,,,,,,,,,,,,-1.725633537,,,,0.978838682,,,,,,,,,,,,2.023270994,,,3.284209269,0.280073467,,,0.067064121,-7.451793627,3.030893528,,,,3.045908582,,2.87316663,,,-1.49326062,,0.055886996,,2.521203541,2.002902889,,,,-4.415259185,-3.304897916,,1.590129718,,,,,,,2.623788243,,2.481432628,,,,,,,,,,,,,,,,,,,,,,,,,,,,,,,,,,,,,,,,,,,,,,,,,,,,,,,,,,,,,,,,,,,,,,,,,,,,,,,,,,,,,,,,,,,,,,,,,,,,,,,,,,,,,,,,,,,,,,,,,,,,,,,,,,,,,,,,,,,,,,,,,,,,,,,,,,,,,,,,,,,,,
ACH-000668,HCC70,Breast,Breast Ductal Carcinoma,ERneg HER2neg,Basal A,,,,,,,,2.427788048,,,,-1.622782072,3.282220327,,,,,,6.422802268,,2.759929052,,,2.139088467,,,3.046241431,,,,,,,,,,2.478617608,,,,,,,,,-6.153881807,,,,,,,-4.804096406,,,,,,,,,-0.15999247,-2.036696952,,,,,,,,,,,,,,,-6.376190392,,,,,,,,,,,,,-1.212964363,,,,,,,,,,,,,,,,,,,2.080459347,1.682067466,,,,-6.345857487,,,1.770473972,2.698538658,,,,2.782163419,,1.228933463,,2.700800808,,,,,,,-1.754678159,,,,,,,,,,,1.091155077,,,,,,,,,,,,,,,,,,,,,,,,,,,,,,,,,,,,,,,,,,,,,,,,,,,,,,,,,,,,,,,,,,,,,,,,,,,,,,,,,,,,,,,,,,,,,,,,,,,,,,,,,,,,,,,,,,,,,,,,,,,,,,,,,,,,,,,,,,,,,,,,,,,,,,,,,,,,,,,,,,,,,,
ACH-000691,HCC2157,Breast,Breast Ductal Carcinoma,ERneg HER2neg,Basal A,,-6.044832984,,,-7.342333216,,1.060669253,,,,,1.97005826,3.072684874,,,,,,6.149056461,,,,,1.072129402,,-4.297875294,-1.21500334,,,1.982971305,,,,,,,,,,1.854211022,,4.756694838,,,2.526372998,-6.22293329,,,,,,2.067312548,,,,,,,,,,-0.972527517,,,,,,,,0.570746456,,,,,,,,2.716101068,,,,0.402905507,,-0.887569009,,,,,,,-3.281257057,,,-0.92997293,,,,,,,-6.566391575,-6.698036066,-1.802209733,,4.279810007,,1.637582453,,,2.98232989,0.746252301,,,-0.667838342,-7.409770538,-1.041724809,,-0.466976255,,1.296815256,,3.217602442,1.361255932,,-1.374917684,,0.509268472,,2.078413724,3.25176654,,2.366826895,,,,,3.160513023,,,,,,,,,,,,,,,,,,,,,,,,,,,,,,,,,,,,,,,,,,,,,,,,,,,,,,,,,,,,,,,,,,,,,,,,,,,,,,,,,,,,,,,,,,,,,,,,,,,,,,,,,,,,,,,,,,,,,,,,,,,,,,,,,,,,,,,,,,,,,,,,,,,,,,,,,,,,,,,,,,,,,,,,,,,,,,
ACH-000699,HCC1395,Breast,Breast Ductal Carcinoma,ERneg HER2neg,Basal B,,-7.513763649,,,,,,,3.203062034,,,,3.1006205,,,,1.532938239,,,,3.175479712,,,,,,,,,,,,,3.117221786,,,2.34569705,,,2.693061857,,,,,0.92002542,,,-6.646368471,,,3.115276642,,,,,,,,,,,,,,,,2.997296189,,,,,,,,,,,,,,,,,,,,,,,,,,,,,,,,,,,,,,,,,,,1.863014392,1.493090014,,,,-5.445821422,,,,,,,2.133006609,,,,,,,2.920339671,,,,,-3.495499633,,,1.078111589,,,,,,,,,,,,,,,,,,,,,,,,,,,,,,,,,,,,,,,,,,,,,,,,,,,,,,,,,,,,,,,,,,,,,,,,,,,,,,,,,,,,,,,,,,,,,,,,,,,,,,,,,,,,,,,,,,,,,,,,,,,,,,,,,,,,,,,,,,,,,,,,,,,,,,,,,,,,,,,,,,,,,,,,,,,,,,
ACH-000711,JIMT1,Breast,Breast Ductal Carcinoma,ERneg HER2pos,Basal A,,-7.922836084,,,-7.38536942,,,2.639038538,,,,0.266084598,3.119041954,,,,,,,,3.172506082,,,,,,2.877082002,,,2.63774134,,-0.975917501,,,,,-4.882832252,,,3.282707441,,,,,2.149317461,,,,,,,1.983028179,,,,,,,,,,,,,,,2.842389651,,,,,,,,,,,,,,,,,,,,,,,,,,,,,,,,,,-4.800853767,-7.436176599,-1.768344266,,,,,,,,0.591305333,,,,-6.508286265,,,,,,,,,,0.457561252,,,,,,,,,-4.219211537,,,2.439615822,,,,,,,,,,,,,,,,,,,,,,,,,,,,,,,,,,,,,,,,,,,,,,,,,,,,,,,,,,,,,,,,,,,,,,,,,,,,,,,,,,,,,,,,,,,,,,,,,,,,,,,,,,,,,,,,,,,,,,,,,,,,,,,,,,,,,,,,,,,,,,,,,,,,,,,,,,,,,,,,,,,,,,,,,,,,,,
ACH-000725,HCC202,Breast,Breast Ductal Carcinoma,ERneg HER2pos,HER2 Amp,,,,,,,3.045893587,1.745099876,,,,,,,,,,,,,,,,,,,,,,,,,,,,,,,,,,,,,,,,,,,,,,,,,,,,,,,,,,,,,,,,,,,,,,,,,,,,,,,,,,,,,,,,,,,,,,,,,,,,,,,,,,,,,,,,,,,,,,,,,,,,,,,,,,,,,,,,,,,,,,,,,,,,,,,,,,,,,,,,,,,,,,,,,,,,,,,,,,,,,,,,,,,,,,,,,,,,,,,,,,,,,,,,,,,,,,,,,,,,,,,,,,,,,,,,,,,,,,,,,,,,,,,,,,,,,,,,,,,,,,,,,,,,,,,,,,,,,,,,,,,,,,,,,,,,,,,,,,,,,,,
ACH-000755,HCC2218,Breast,Breast Ductal Carcinoma,ERneg HER2pos,HER2 Amp,,,,,,,,,,,,,-5.984381371,,,,,,,,,,,,,,,,,,,,,,,,,,,,,,,,,,,,2.997584624,,,,,,,,,,,,,,,,,,-0.184222557,,,,,,,,,,,,,,,,,,,,,,,,,,,,,,,,,,,,,,,,,,,,,,,,,,,,,,,,,,,,,,,,,,,,,,,,,,,,,,,,,,,,,,,,,,,,,,,,,,,,,,,,,,,,,,,,,,,,,,,,,,,,,,,,,,,,,,,,,,,,,,,,,,,,,,,,,,,,,,,,,,,,,,,,,,,,,,,,,,,,,,,,,,,,,,,,,,,,,,,,,,,,,,,,,,,,,,,,,,,,,,,,,,,,,,,,,,,,,,,,,,,,
ACH-000759,MDAMB175VII,Breast,Breast Ductal Carcinoma,ERpos HER2neg,HER2 Amp,,,,,,-0.033975728,3.173425758,2.405192659,,,,1.732655028,-5.087789061,,,,2.70350988,,,,,,,,,-2.870667562,0.521950207,,,,,,,,,2.335913092,,,,,,,0.301033407,,,,,,,,,,,,,,,,,,,-0.222451875,,-2.597803306,,,-1.690849594,,,0.51517554,,,,,,,,,,,,,,,,,,,,,,,,,,,,,,,,,,,,,,,,,1.18158246,,,,-4.685104695,0.610918231,,3.06398982,,,-2.885426802,,,,-1.197432642,,-0.917528161,,,,,1.088233167,,-2.63521441,,,2.839181842,,,,,,,,2.193912514,3.153953247,,,,2.330214456,,,,,,,,,,,,,,,,,,,,,,,,,,,,,,,,,,,,,,,,,,,,,,,,,,,,,,,,,,,,,,,,,,,,,,,,,,,,,,,,,,,,,,,,,,,,,,,,,,,,,,,,,,,,,,,,,,,,,,,,,,,,,,,,,,,,,,,,,,,,,,,,,,,,,,,,,,,,,,,,,
ACH-000768,MDAMB231,Breast,Breast Carcinoma,ERneg HER2neg,Basal B,,,,,,,1.863671648,,3.321023514,,,0.667311796,2.672786322,,,,1.742806104,,6.599318284,,,,,,,,,,,,,,,,,2.990831553,0.458424498,,,,,4.456424458,,,1.976927444,-6.087127722,,-7.823105335,,,,,-6.724631769,,,,,,,,,-1.87789985,0.837859609,,,,2.88637712,,,,,,2.26854634,,,0.842515438,,,,,,,,,,,,,,,,,,0.943977827,0.037261989,0.047711371,,-1.122139514,,,-0.659581019,,,,3.229353317,,2.218408651,,,2.663594452,,,,2.953389814,-7.188165602,,,,,,,,,,,,-0.719247496,,,,,3.176515812,,,,,2.935890987,,,,,,,,,,,,,,,,,,,,,,,,,,,,,,,,,,,,,,,,,,,,,,,,,,,,,,,,,,,,,,,,,,,,,,,,,,,,,,,,,,,,,,,,,,,,,,,,,,,,,,,,,,,,,,,,,,,,,,,,,,,,,,,,,,,,,,,,,,,,,,,,,,,,,,,,,,,,,,,,,,,,,,,,,,,,,,
ACH-000783,CAMA1,Breast,Breast Carcinoma,ERpos HER2neg,Luminal,,,,,,,,1.545818643,,,,,,,2.709509169,,,,,,,,,2.390929491,,,1.280425369,,,2.872918687,,,,,,,,,,,,4.531039793,,,,,,,,,,,-4.068356594,,,,,,,,,-0.612974412,,,1.71641118,,,,,,,,,,,,,2.743131769,,,,,,,,,,,,,-0.075354834,,,,,,,,,,,,,,,,-0.502767327,,,,1.733893701,,,,-6.515999701,-0.777627522,,0.484617876,,2.076283969,,3.166298077,0.926228297,,-0.477369596,,0.540448511,,,,,3.068035897,,,,,3.230774818,,,,,,,,1.102661523,,,,,2.884374326,,,,,,,,,,,,,,,,,,,,,,,,,,,,,,,,,,,,,,,,,,,,,,,,,,,,,,,,,,,,,,,,,,,,,,,,,,,,,,,,,,,,,,,,,,,,,,,,,,,,,,,,,,,,,,,,,,,,,,,,,,,,,,,,,,,,,,,,,,,,,,,,,,,,,,,,,,,,,,,,,
ACH-000818,BT483,Breast,Breast Ductal Carcinoma,ERpos HER2neg,Luminal,,,,,,,,,,,,,,,,3.14976508,,,,,,,,,,,,,,,,,,,,,,,,,,,,,,,,,,,,,,,,,,,,,,,,,,,,,,,,,,,,,,,,,,,,,,,,,,,,,,,,,,,,,,,,,,,,,,,,,,,,,,,,,,,,,,,,,,,,,,,,,,,,,,,,,,,,,,,,,,,,,,,,,,,,,,,,,,,,,,,,,,,,,,,,,,,,,,,,,,,,,,,,,,,,,,,,,,,,,,,,,,,,,,,,,,,,,,,,,,,,,,,,,,,,,,,,,,,,,,,,,,,,,,,,,,,,,,,,,,,,,,,,,,,,,,,,,,,,,,,,,,,,,,,,,,,,,,,
ACH-000828,ZR7530,Breast,Breast Ductal Carcinoma,ERpos HER2pos,HER2 Amp,,,,,,,,,2.48783666,,,,,,,,,,,,,,,,,,,,,,,,,,,2.967673766,,,,,,3.727763146,,,,,,,,,,,,,,,,,,,,,,,,,2.53408207,,,,,,,,,,,3.229986616,,,,,,,,,,,,,1.367551113,,,,,,,,,,,,,,,,3.16880356,,,,,,,,-0.429367003,,,,,,,,,,,,,,,,,,,-0.683856388,,,,,,,,,,,,,,,,,,,,,,,,,,,,,,,,,,,,,,,,,,,,,,,,,,,,,,,,,,,,,,,,,,,,,,,,,,,,,,,,,,,,,,,,,,,,,,,,,,,,,,,,,,,,,,,,,,,,,,,,,,,,,,,,,,,,,,,,,,,,,,,,,,,,,,,,,,,,,,,,,,,,,,,,,,,,,,,,,
ACH-000849,MDAMB468,Breast,Breast Carcinoma,ERneg HER2neg,Basal A,,,2.161830962,,-7.072071342,,2.790229741,2.071391665,,,1.033877446,0.899903167,,,2.978726817,,2.845118891,,4.297008208,,1.988280554,-2.908080655,,,,,,-0.523159226,,1.520971501,,,,2.654649704,,,,,,,,4.125324905,,,2.560668275,-5.766433244,-0.94796242,,,,,,-6.493412072,3.284252701,,,,,,,,,,,,,2.557705917,,,,,6.496421389,3.010040778,,,,,1.436258545,,,,,,,,,,,,,-0.212135136,,,-1.830695761,1.273834281,0.565152328,,,,,-8.073688291,-8.316725802,-3.406131872,-3.290563645,3.077181809,,-0.586375701,,,,1.590988115,,,,-6.427783481,3.085814838,,,,,,3.209233534,,,1.326305513,,0.792365397,,,,,2.156703847,,,,,1.578937019,,,,,-1.694098882,,,,1.667432722,,,,,,,,,,,,,,,,,,,,,,,,,,,,,,,,,,,,,,,,,,,,,,,,,,,,,,,,,,,,,,,,,,,,,,,,,,,,,,,,,,,,,,,,,,,,,,,,,,,,,,,,,,,,,,,,,,,,,,,,,,,,,,,,,,,,,,,,,,,,,,,,,,,,,,,,,,,,,,,,,,,,,
ACH-000856,CAL51,Breast,Breast Carcinoma,ERneg HER2neg,Basal B,-3.912988393,-7.432209247,,-1.168327532,,,,2.262151802,2.056632844,,,-0.643299184,,,,,,,6.312114351,,,,,,,-3.55352241,1.88545407,,,1.596673009,,,,,,2.245669079,-5.389280405,2.653059214,2.337242485,2.345964461,,4.674871632,,,,-5.420529548,,,,,,1.045632065,,3.275701381,1.21312669,0.636122199,,,,,,-3.361961471,0.013090372,,,,3.030512455,,,2.616036881,,,2.185869856,,,0.62873144,,,,,,,,,,,,,,,,,,-1.213523001,-1.131206976,-2.28548591,,,,,-5.234700691,-6.293439392,-2.316939629,,4.294915434,,-3.247539519,,,1.939389766,0.642027917,,,,-8.565908672,,,,0.493798448,,,2.832689263,,,-1.008395599,,-0.358838182,,,,,1.886741918,,,,,2.465361847,,,,,,-6.40157406,,,2.931678191,,,,,,,,,,,,,,,,,,,,,,,,,,,,,,,,,,,,,,,,,,,,,,,,,,,,,,,,,,,,,,,,,,,,,,,,,,,,,,,,,,,,,,,,,,,,,,,,,,,,,,,,,,,,,,,,,,,,,,,,,,,,,,,,,,,,,,,,,,,,,,,,,,,,,,,,,,,,,,,,,,,,,
ACH-000857,CAL851,Breast,Breast Carcinoma,ERneg HER2neg,Basal A,,,,,,,3.22742951,2.757360079,,,,0.268999214,,,,,,,6.33044572,,,,,,,,,,,2.23283957,,,,3.239342494,,,2.266316969,,,2.568327957,,,,,2.653800437,-5.328421637,,,,,,,-6.644974441,,,,,,,,,,,,,,,,,,,,2.991187873,,,,3.188541599,-1.333232687,,,,,,,,,2.360200285,,,,,,,,,,,,,,,,,,,,1.741583132,,,2.013202412,2.125804265,,,,-3.717391027,,,,,,,3.141433666,,,1.400405655,,0.625286817,,,,,3.038101606,,-4.76614436,,,2.087646456,,,,,-0.009590094,,,,,,,,,,,,,,,,,,,,,,,,,,,,,,,,,,,,,,,,,,,,,,,,,,,,,,,,,,,,,,,,,,,,,,,,,,,,,,,,,,,,,,,,,,,,,,,,,,,,,,,,,,,,,,,,,,,,,,,,,,,,,,,,,,,,,,,,,,,,,,,,,,,,,,,,,,,,,,,,,,,,,,,,,
ACH-000859,HCC1954,Breast,Breast Ductal Carcinoma,ERneg HER2pos,Basal A,,,,,,,,,,,,,,,,,,,,,,,,,,,,,,,,,,,,,,,,,,,,,3.247950569,-6.576393653,,-7.356359029,,,,,,,,,,,,,,,-2.691277113,,,,3.035160759,,,-0.154041142,,,2.94074995,,,,,1.404106152,,,3.119397818,,,,,,,,,,-2.081114181,,,-0.843791794,-0.844706169,,,1.428451544,,,-7.165633435,-6.876117537,-2.986505209,-6.225821439,,,-2.742573413,0.406750628,,3.059751516,0.64405817,,,,-6.689181872,,,,,,,,,,0.600828159,,,,,,,,,-5.462363721,,,2.970589944,,,,,,,,2.543542868,,,,,,,,,,,,,,,,,,,,,,,,,,,,,,,,,,,,,,,,,,,,,,,,,,,,,,,,,,,,,,,,,,,,,,,,,,,,,,,,,,,,,,,,,,,,,,,,,,,,,,,,,,,,,,,,,,,,,,,,,,,,,,,,,,,,,,,,,,,,,,,,,,,,,,,,,,,,,,,,,,,,,,
ACH-000876,MDAMB415,Breast,Breast Carcinoma,ERpos HER2neg,HER2 Amp,,,,,,,,3.207025278,,,,,,,2.754279586,,,,,,,,,0.512249162,,,0.316036629,,,2.787671897,,,,,,,,,,,,3.563913791,,,,-4.773707148,,,,,,2.806654095,,,,,,,,,,,,,1.670677714,,3.200713707,,,3.206818732,,,,,,,,1.743501706,,,,,,,,,,,,,-0.475246739,,,,,0.764345668,,,,,,,,,4.242904341,,-0.166997482,,,,1.597164823,,,1.854596018,-5.115019314,-0.357505573,,-0.083982846,,-1.092582363,,,-0.238760126,,-0.900293464,,2.129262284,,,,,3.186484678,,-4.589658752,,,2.588470525,,2.652624162,,,,,,-0.29809939,,,,1.741842316,2.267354149,,,,,,,,,,,,,,,,,,,,,,,,,,,,,,,,,,,,,,,,,,,,,,,,,,,,,,,,,,,,,,,,,,,,,,,,,,,,,,,,,,,,,,,,,,,,,,,,,,,,,,,,,,,,,,,,,,,,,,,,,,,,,,,,,,,,,,,,,,,,,,,,,,,,,,,,,,,,,,,,,
ACH-000902,CAL148,Breast,Breast Ductal Carcinoma,ERneg HER2neg,Luminal HER2 Amp,,-9.034713461,2.187740823,-2.135505851,,,,1.022482757,,,,0.836763386,2.879632228,,3.198586449,,2.31877964,2.485148503,,,1.935582432,,,0.024490073,,-3.315904218,0.416017907,-2.477640578,,,,,-7.192162223,,,,,-0.704004278,1.102304465,,,,,,0.044104213,,2.224844094,,,,,1.099118501,,,,0.547534663,,,,,,-3.53475112,,,-2.55016584,,,,2.378660449,-1.455841409,,,-0.815708426,,,,,,,,,,,,,,,,,,,,,,,,,,,,,,,,,,,,,3.225085396,1.092026995,,,,,-2.44947651,,-1.685616204,1.874771092,,,2.91438921,-1.459824619,,-0.740749059,,-1.479026157,,,,,3.214126927,,-5.92873213,,,-1.09649498,,1.917725642,,,,-7.551513383,,-3.117059926,1.65498953,,,1.444148258,1.29843532,,-1.679836555,,,,,,,,,,,,,,,,,,,,,,,,,,,,,,,,,,,,,,,,,,,,,,,,,,,,,,,,,,,,,,,,,,,,,,,,,,,,,,,,,,,,,,,,,,,,,,,,,,,,,,,,,,,,,,,,,,,,,,,,,,,,,,,,,,,,,,,,,,,,,,,,,,,,,,,,,,,,,,,
ACH-000910,MDAMB453,Breast,Breast Carcinoma,ERneg HER2neg,HER2 Amp,,,,,,,2.964787869,,,,,,,,,,,,5.181615402,,3.279503862,,,0.003685332,,,,-2.474213068,,1.571191383,,,,,,,0.075247323,,,,,3.223849426,,,,,,,3.248494316,,,,-7.772686635,,,,,,,,,-1.117723629,,,-0.656258729,,,-5.842795307,0.992734502,,,,1.346018418,,,-0.51360425,,1.822385714,,,,1.289124235,,-0.731108254,,,,,,3.126442791,-1.89689993,,,-0.126496306,,1.201438508,,,,,,,,-3.821652299,3.337768738,,-1.553571695,2.229403906,,,1.78835541,,,,-5.61250497,1.582769568,,,,,,3.282237155,,,,,0.193542181,,,3.280600053,,2.160688728,,-6.388955012,,,3.00827093,,,,,-2.135265376,,3.117810468,0.011796276,,,,,2.20203595,,-2.602569456,,,,,,,,,,,,,,,,,,,,,,,,,,,,,,,,,,,,,,,,,,,,,,,,,,,,,,,,,,,,,,,,,,,,,,,,,,,,,,,,,,,,,,,,,,,,,,,,,,,,,,,,,,,,,,,,,,,,,,,,,,,,,,,,,,,,,,,,,,,,,,,,,,,,,,,,,,,,,,,
ACH-000927,BT474,Breast,Breast Ductal Carcinoma,ERpos HER2pos,HER2 Amp,,,,,,,,1.95905495,,,,,,,,,,,,,,,,,,,,,,,,,,,,,,,,,,3.717357345,,,,,,,,,,,,,,,,,,,,,,,,,,,,,,,1.94383535,,,,,3.092597395,,,,,,,,,,,,,,,,,,,,,,,,,,,,,,,,,,,,,,,,,,,,,,,,,,,,,,,,-4.954966918,,,,,,,,,,,,,,,,,,,,,,,,,,,,,,,,,,,,,,,,,,,,,,,,,,,,,,,,,,,,,,,,,,,,,,,,,,,,,,,,,,,,,,,,,,,,,,,,,,,,,,,,,,,,,,,,,,,,,,,,,,,,,,,,,,,,,,,,,,,,,,,,,,,,,,,,,,,,,,,,,,,,,,,,,,,,,,,,,
ACH-000930,HCC1569,Breast,Breast Carcinoma,ERneg HER2pos,Basal A,,,,,,,-1.540973391,2.116513623,3.297293968,,,-3.23870402,,,,,,,6.510565492,,2.694341975,,,,,,,,,0.495320934,,,,2.585317926,,3.257419396,,,,,,4.470707498,,,,-4.760955448,,-7.886566391,,,,,,,2.663734033,,,,,,,,,,,,,,,,,,,,,0.062015193,2.003205673,2.027496699,,,,,,,,,2.89779812,,,,,,,0.783112301,-0.584541311,,,,,,,,,,,,,,,,,,,,,,,,,,,,,,,,,,,,,,,,,,,,,,,,,,,,,,,,,,,,,,,,,,,,,,,,,,,,,,,,,,,,,,,,,,,,,,,,,,,,,,,,,,,,,,,,,,,,,,,,,,,,,,,,,,,,,,,,,,,,,,,,,,,,,,,,,,,,,,,,,,,,,,,,,,,,,,,,,,,,,,,,,,,,,,,,,,,,,,,,,,,,,,,,,,,,,,,,
ACH-000934,MDAMB361,Breast,Breast Carcinoma,ERpos HER2pos,HER2 Amp,,-6.898793373,,,,,2.798351664,2.119738598,,,,,,,,,,,6.532607987,,,,,,,,0.440354445,,,2.282458052,,,,,,,,,,,,4.168495125,,,2.690076143,-5.04261215,,,,,,1.545672461,,,,,,,,,,,,,0.109608421,,,,1.02707802,,,,,,,,,,,,,,,,,,,,,,-2.924339373,,,,,,,,,,-6.240692622,-6.668364097,-4.400462836,,,,0.475800364,,,,0.472098897,,,,-5.313780705,,,,0.356164483,,,,,,-0.501538969,,1.808653752,,,,,,,-1.96473398,,,2.763839313,,,,-0.630449671,,-8.371995931,,2.111080063,,,3.087890227,,,,,,,,,,,,,,,,,,,,,,,,,,,,,,,,,,,,,,,,,,,,,,,,,,,,,,,,,,,,,,,,,,,,,,,,,,,,,,,,,,,,,,,,,,,,,,,,,,,,,,,,,,,,,,,,,,,,,,,,,,,,,,,,,,,,,,,,,,,,,,,,,,,,,,,,,,,,,,,,,,,
ACH-001065,EVSAT,Breast,Breast Carcinoma,,,,,,,,,2.592361991,1.662224382,,,,,,,1.744889036,,,,,,,,,-0.641093909,,-4.992731276,-0.001916485,,,1.514593301,,,,2.32345615,,,-3.055981664,,,3.001827203,,4.30405862,,,,-5.677756185,,,,,3.215399255,,,,,,,,,,,-1.020380493,-1.216470833,,-0.473742233,2.05539477,2.907666094,,,1.405918868,,,0.347519006,,,,3.252002133,,,,,2.184569764,,-0.990633075,,,,,,,-4.281235932,,,1.287008236,,,,,,,,,,,2.783213169,,-3.913862635,,,,0.206230057,,,,-7.417147896,-2.14628735,,-1.028246321,,-1.680487326,,2.377697414,-0.355712089,,-0.970409109,,0.251029935,,2.873904516,2.494199266,,2.320212553,,-5.332783031,,,1.62470672,,,,,,,,-1.426627035,1.893945893,,,0.415562506,,,-1.073815817,,,,,,,,,,,,,,,,,,,,,,,,,,,,,,,,,,,,,,,,,,,,,,,,,,,,,,,,,,,,,,,,,,,,,,,,,,,,,,,,,,,,,,,,,,,,,,,,,,,,,,,,,,,,,,,,,,,,,,,,,,,,,,,,,,,,,,,,,,,,,,,,,,,,,,,,,,,,,,,
ACH-001358,MDAMB330,Breast,Breast Carcinoma,,,,,,,,,-4.052454958,,3.19127783,,,,,,,,,,,,,,,,,,,,,1.945001553,,,,,,,3.156339134,,,,,4.793808622,,,,-5.371975826,,,,,,,,,,,,,,,,,,,2.081171373,,,,1.496757103,0.086466375,,,1.428556941,,,,,2.391186384,,,,,,,,,,,,,,,,,,,,,,,-4.382539521,,-1.93839852,,3.719198697,,0.587176716,,4.262447659,,,,,,,,,,,,,,,,,,,,,,,,,,,,,,,,,,,,,,,,,,,,,,,,,,,,,,,,,,,,,,,,,,,,,,,,,,,,,,,,,,,,,,,,,,,,,,,,,,,,,,,,,,,,,,,,,,,,,,,,,,,,,,,,,,,,,,,,,,,,,,,,,,,,,,,,,,,,,,,,,,,,,,,,,,,,,,,,,,,,,,,,,,,,,,,,,,,,,,,,,,
ACH-002163,MRKNU1,Breast,Breast Carcinoma,,,,-8.317003697,,,,,,,,,,1.510538318,2.298057592,,2.494500536,,,,5.568932942,,,,,,,-5.121635721,3.01619652,-5.673954341,,1.083809949,,,-7.769824361,,,,,,,,,,,,,-5.894673498,-0.352741787,-7.875280643,-0.020680803,,,0.352873296,-6.20465937,3.092865464,,,,,,,,-0.213827893,,,,,,,,,,,,-0.377579012,,,,,,,,,,,,,,,,,-2.201738721,,,,,,,,,,-6.605452412,-6.168315886,-3.454149417,,3.481204223,,-2.955602552,,,3.178070514,0.488792256,,,,-8.300189873,,,,,,,,,,-1.483637222,,-1.183681543,,,,,3.021881269,,,,,3.201397304,,,,,-0.899402941,-6.832779728,,,2.353844968,,,,,,,,,,,,,,,,,,,,,,,,,,,,,,,,,,,,,,,,,,,,,,,,,,,,,,,,,,,,,,,,,,,,,,,,,,,,,,,,,,,,,,,,,,,,,,,,,,,,,,,,,,,,,,,,,,,,,,,,,,,,,,,,,,,,,,,,,,,,,,,,,,,,,,,,,,,,,,,,,,,,,
ACH-002179,OCUBM,Breast,Breast Carcinoma,,,,-6.71198615,,,-7.378469469,,2.029345424,1.166866414,2.686187951,,3.30980107,,-0.509712273,,2.933871777,,,,5.263480738,,,,1.352802925,-0.612995148,,-4.914798567,0.241203393,-3.772698253,,,,,-6.747868167,,,,,,,,1.727519549,,,,2.415617113,-5.102793453,,,3.02701673,,,,,,,,,,,,,-1.222514814,,2.383443074,-2.564178585,-0.597198265,,,0.911167239,,,,,-0.021357442,,,,,,,3.213778086,,,,4.042418205,,,,,0.687925234,-1.73008594,,,0.209372428,1.426259595,,,,,,-4.4662755,-6.65915028,-2.324818201,-4.731974325,,,-1.625677632,2.212258798,3.718310511,2.582911861,0.769991871,,,3.258581611,-7.605488285,-2.29110788,,-1.08445427,,,,,-0.588411879,,-1.665482635,,0.941423826,,,,,1.228946046,,-4.971011915,,,,,,,,,,,-2.722983604,,,,0.26654438,,,,,,,,,,,,,,,,,,,,,,,,,,,,,,,,,,,,,,,,,,,,,,,,,,,,,,,,,,,,,,,,,,,,,,,,,,,,,,,,,,,,,,,,,,,,,,,,,,,,,,,,,,,,,,,,,,,,,,,,,,,,,,,,,,,,,,,,,,,,,,,,,,,,,,,,,,,,,,,,,,
ACH-000248,AU565,Breast,Breast Adenocarcinoma,ERneg HER2pos,HER2 Amp,,9.50742243,-8.742142187,,,-8.080643039,,,,,1.53703815,,,,,,,,,,0.661609154,,,,,,,,-3.398181295,-2.57522608,,,,,,,,,,,,,,,,,-2.290159849,0.842517931,,,,,,,1.869120478,,,,,,,,,,2.454652059,,-1.483965117,,1.48440284,,-1.49873207,,,,,,,,,,,4.187054701,,,,2.516436469,,,,,,,,-2.573616833,2.12720676,-4.917973982,-0.180121831,,,,,-1.470009991,,-8.264041947,,-6.453593601,,,,2.868174661,3.422650815,,,,,,,,-0.977003078,,,,2.149769867,,,2.249397685,,-0.26431592,,3.859323327,1.011539456,1.131650079,4.525502065,,,,-6.874334229,-1.023566639,,,,1.937091158,,,,11.62464706,,,-5.321226539,-7.835974924,,,2.335376631,,,1.774176685,,,-0.965854272,,,0.42684855,,2.948674048,,3.661966011,,,0.952471839,,,4.517899835,,-2.178360756,,,,3.036663051,,,,,,,0.582897197,,,,,,-1.049974229,-1.719384935,-0.551857561,,1.116113907,,,,,,,3.249290453,,,,,,,4.167054467,4.200371063,,,,,,,,,,,4.179420411,,,,2.195177346,,,,0.277806443,,,,,,2.642037832,,,,,2.684586126,0.349188119,,-3.053374777,,3.307383746,,,2.908091361,,-2.816059555,2.681023235,-0.328257318,,,,2.64225825,,-1.452483579,,2.214364538,,,,7.743338949,,,,,-2.752378212,,,-3.570532411,-5.91260994,,-1.022659721,4.106108701,-1.521120398,,,-7.462363776,3.6033788,,1.487106019,,,,,,1.992821961,,,,,,4.147580439,,,,,,,,,,,,,,,,
ACH-000536,BT20,Breast,Breast Ductal Carcinoma,ERneg HER2neg,Basal A,,,,,,,,,,,2.734651764,,,,,,,,,,,,,,,,,,,,,,,,,,,,,,,,,,,,,1.945176791,,,,,,1.935960156,,,,,,,,,,,,,0.14006908,,,,-0.268341919,,,,,,,,,,,,,,2.556146191,2.431946722,,,,,,,,-0.16177825,2.642186807,-2.382359595,-1.007496278,,,,,,,-6.037661635,,-3.88714471,,,,,3.208333543,,,,,,,0.796568546,-0.501040958,,,,,10.62906037,,3.915176798,,1.119705281,,3.854560362,,,,,,,,2.118387395,,,,4.217904746,,,,11.71379435,,,-0.911215306,-6.7430777,,3.871285389,,,,,-5.564802399,,-0.534846438,,,0.609339806,2.38090223,,,,,,-0.215556733,,,,,,,,,2.213486088,,,3.274837141,,,,,,,,,,2.171069117,0.304050867,1.910417159,,2.831113665,,,,,-4.475128555,,,,,,,,,,,,,,,,,,,,-0.039114298,,,,,,,,,,,,,,,2.525555117,,,,,4.032878014,1.573788833,,,,,3.312858249,3.708049201,,,0.499363997,,0.248819067,,,,,3.779615668,1.300721268,,3.427518698,,,,6.750224745,,,,,-1.805806894,3.547416311,,-1.120309028,-2.687517275,,,4.126983849,0.478375302,,,,1.746761015,,0.990697294,,,,,,2.518836627,,,,,,,,,,,,,,,,,,,,,,
ACH-000927,BT474,Breast,Breast Ductal Carcinoma,ERpos HER2pos,HER2 Amp,,,,,,,,,,,2.211725366,,,,,,,,,,,,,,,,,,-4.527737331,-3.666958696,,,,,,,,,,,6.492138138,,,,,,,,,,,,,,,,,,,,,,,,,,,,1.762334199,,-0.409667694,,,-0.428964553,,,,,,,,4.202658007,,,3.085492239,,,,,,,,,-0.35451225,,,,,,,,,,,,,,,,,3.37832803,,,,,,,,0.105166376,,,,,,,3.01754003,,-1.265863642,,,,,4.99675239,,,,-2.677361859,0.266010881,,,,,,,-4.928178415,11.10294156,,,-3.497617796,,,,,,,,,,,,,-0.100452687,4.185779469,,,,,,-0.698486437,,,3.30901965,,,,,-0.807272504,2.935199611,,,,,,,0.955407701,,,-3.363903399,,,,,,,1.400650869,,,,-3.856113254,-6.858019916,,2.160937312,,,,,,,4.160144926,3.985558849,4.276308616,,,,0.12391956,,,,,-1.343841142,3.312987412,,,3.337686729,1.847369366,,,,-3.108430671,,,,,,-1.414778654,,,,,2.606999843,2.661959013,,,,3.671459888,,,3.279608893,,,3.208898607,-1.679657535,,,,1.555719065,,-1.96096758,,4.275687156,,,,6.696418332,,,,,,,,-3.215213123,-6.217073811,,-1.147879314,5.201528002,-2.115385453,,,,2.060633782,,1.245629222,,,,,,1.935719597,,,,,,3.738463388,,,,,,,,,-0.862712751,,1.008041103,,,,,
ACH-000818,BT483,Breast,Breast Ductal Carcinoma,ERpos HER2neg,Luminal,,,,,,,,,,,,,,,,,,,,,,,,,,,,,-5.45932085,,,,,,,,,,,,,,,,,,,,,,,,,,,,,,,,,,,,,,,,,,-0.247500157,,,,,,,,,,,,,,,,,,,,,,,,,,,,,,,,,,,,,,,,3.09786022,,,,,,,,,,,,,,,,,2.964368117,,,,,,,,,,1.890373371,,,,,,,,,,,-2.738515877,,,,,,,,,,,,,1.970582199,,,,,,,,,,4.339896584,,,,,,,,,,,,,3.736124258,,,-3.343944268,,,,,,,,,,,,,,3.329065911,,,,,,,,,,,,,,,,,,,,,,,,,,,1.856077798,,,,,,,,,,,2.750643963,,,,,3.299302152,4.168739271,3.47652731,,,,3.993265749,,,,,2.743708199,2.005966538,,,,,,,7.885555163,,,,,,,4.277807676,,,,,5.144495782,0.199753085,,-8.494443524,,1.613451105,,2.14775356,,,,,,3.169418152,,,,,,,,,,,,,,,,,,,,,,
ACH-000288,BT549,Breast,Breast Ductal Carcinoma,ERneg HER2neg,Basal B,,,-4.379296714,,,,,,,,,,,,,,,,,,-0.403114144,,0.463988677,,-2.118270915,,,,-5.810336297,,,,,,,,,,,,6.340640057,,,,,,,,,,,,,,,,,,,,,,,3.033956869,,,-0.065410416,,,,,,,,0.971934349,,,,,,,3.580190544,1.553492314,,1.553527943,1.310600045,,,,,,,,,,,,,,,,,,,,,,,,,,,,,,,,,,,,,,,,,,,,,,,,,,,,,,,,,,,,,,,,,,,,,,,,,,,,,,,,,,,,,,,,,,,,,,,,,,,,,,,,,,,,,,,,,,,,,,,,,,,,,,,,,,,,,,,,,,,,,,,,,,,,,,,,,,,,,,,,,,,,,,,,,,,,,,,,,,,,,,,,,,,,,,,,,,,,,,,,,,,,,,,,,,,,,,,,,,,,,,,,,
ACH-000212,CAL120,Breast,Breast Carcinoma,ERneg HER2neg,Basal B,,9.548635597,-5.997307438,,,-7.089716614,,,,0.654811759,2.37856762,,,,,,,,,,,,-1.684295696,,-0.317235701,,,,-6.191797277,,,,,,,,,,,,,,,,,,-4.58093919,,0.249272024,,,,,,,,,,,,,,,,,,-0.697783605,,,,,,,,1.970759099,,,,,,,,2.061835877,,1.158488894,1.469115422,-6.031210917,,,,0.198497237,,,,,,3.06312014,,,,,,,,,,,,,,3.481604764,,1.292954625,,-1.518903374,,,,0.398897589,,0.156953593,,,10.09052317,,3.912979377,,0.971009886,,,3.036708861,,,,,,,-1.957922981,,,,4.139124091,,,-5.693748215,11.74124014,,,-3.145560195,-5.957628491,,,3.698554731,,,,,,,,,,,,2.057109829,,,,3.097503166,,,4.443264968,,,,,,,,,3.31941658,,,,,,,,4.121636954,,,,1.282623312,,0.940940502,,,,,,,,,4.171982476,,,,,4.299873475,,,,,,-0.627249777,,,,,0.246824322,3.826733231,,,,0.870360696,,,,-0.383358768,,,,,,1.944684489,,,,,4.245162887,1.158219845,,-5.813865268,,,3.923750976,4.036444381,,,,,0.614939802,,,,,3.743056224,0.330150143,,,,,,6.063616159,,,,,,,,-0.793426287,-2.197610738,,1.160253608,5.301326545,1.161613971,,,,,,1.865979407,,,,,,3.88080193,,,,,,,,,,,,,,,,,,,,,,
ACH-000902,CAL148,Breast,Breast Ductal Carcinoma,ERneg HER2neg,Luminal HER2 Amp,,,,,,,,,,,,,,,,,,,,,,,,,,,,,,,,,,,,,,,,,,,,,,,,,,,,,,,,,,,,,,,,,,,,,,,,,,,,,,,,,,,,,,,,,,,,,,-4.48574561,0.107544544,-0.680465552,,,,,,,,-6.784376088,,,,,,,,,,,,,,2.226141866,-0.449705168,,,-0.011905634,,11.78447377,,3.663586463,,-0.260056379,,,3.091571722,,,,,0.650321496,,1.009897352,,,,2.877817095,,,-4.985881747,10.12519647,,,-4.141190298,-7.274275602,,3.957560826,3.786977221,,,,,,,,,,,,,,,,,,,4.2580882,,,,,,3.207941674,2.563841404,,,,,,1.358901112,,,,,,-1.423438371,-2.063343677,-1.29836901,,0.479729497,,,,,,3.440598489,3.287953132,,3.76828801,,,,,3.917059845,,,,,,-1.320491546,,,0.937011512,,,3.078755407,,,,-0.164236778,,,,-2.897298154,,-0.666656019,-3.794781996,,3.330435592,1.464258001,,,,,2.040185467,0.114500663,,,,2.236275106,2.178309753,4.144467292,,,,,-0.732032378,,,,2.635873171,1.947380073,0.08252691,,3.406844862,,,,7.683180377,,,,,,,,-3.896491012,-5.669846865,,0.500327981,5.220237728,-1.042132781,,,-7.885139941,2.119795784,,1.983433225,,,,-3.715628564,,2.753600376,,,,,,,,,-3.120207758,,,,,-2.315323423,-3.413924602,,0.925914355,,,,,
ACH-000856,CAL51,Breast,Breast Carcinoma,ERneg HER2neg,Basal B,,,-6.653875299,2.699889332,-1.250683153,-7.634529378,,,,,1.40919228,,,,,,,,,,-0.858241909,,0.348204751,,-5.041107291,,,,-9.075222663,,,,0.878530943,,,,,,,2.928413576,6.125572363,,0.363552866,,,,-4.833673962,,-1.747065865,,,,,-0.132977188,,,,,,,,,0.561327525,2.879760664,,,-1.779625817,,,,,2.224429559,2.266923873,,2.250063559,,,,,,,,1.062727767,,0.40640093,-0.256546792,,-2.287291544,,,-0.943636233,,,-5.115000716,0.388558288,-1.709954501,,,,,,,-1.890405784,-6.352728124,2.212005863,-7.41589768,1.744484259,,,1.676552807,2.856802714,,,-1.363343618,-3.409491101,,,,-1.852765038,0.538503137,-1.38129006,,1.249777113,8.190303285,,-1.502778212,,-3.221971768,,2.282730098,1.949149154,,2.083933926,,1.945898835,,-7.87601551,-3.339988667,-0.661199787,,,,,,-7.020951393,11.55387456,,2.883012375,-3.436583256,-8.500161297,,3.889583611,2.524451166,,,2.146484358,,,,,,1.353559318,,,,,,,1.452434692,,,,,,,,,3.295001383,,,,,,,,,,-1.088929349,,,,,,,,,,,,,,,,,,,,,,,,,,,,,,,,,,,,,2.218169335,,,,,,,,,,,,,,,,3.718669309,,,,,3.543371788,3.612390893,,,,,,,,,,3.592908492,,,,,,,6.747137874,,,,,,4.303369441,,,,,0.806516309,,1.319029108,,-4.493081688,,,,1.205383592,,,,,,3.109105793,,,,,,,,,,,,,,,,,,,,,,
ACH-000857,CAL851,Breast,Breast Carcinoma,ERneg HER2neg,Basal A,,,,,,-6.691855949,,,,,,,,,,,,,,,,,,,,,,,-2.950899653,,,,,,,,,,,,,,,,,,,,,,,,,,,,,,,,,,,,,,1.321151116,,,,,,,,,,,,,,,,,,2.128122601,3.06693106,,,,,,,,-4.379149394,0.0830951,-2.422674877,-2.650974308,,,,,,,-7.669459379,3.846702024,,,,,,2.376741396,,,,,,-2.26958675,,-1.492539583,1.245025614,-1.875669854,-3.432252558,-1.146077096,7.333198926,,0.439019764,,-2.259605748,,3.301566158,2.431450996,,3.168025944,,2.313781287,,-6.143537768,,-1.300151431,,,,,,-6.722974486,,,,-5.903605868,-9.825794824,,3.715429057,1.677434526,,,1.483032803,-6.534873729,,-1.562158157,,3.148321099,1.106323415,3.812173538,2.441393085,1.870318046,,,,0.070305269,,,5.18214018,,-0.466081265,,,,2.475482328,,,3.206623287,,,,,,,-3.205964513,3.367055955,,,,,,,,,2.337741402,,,,,,,,,,,4.132436353,4.21069155,,,,,,,,1.329960912,,1.688136491,,,,3.047914951,,,,,,,,,,,1.784200114,,,,,3.855372111,,,-2.537121752,,,3.429005838,3.269268994,,,3.952929576,,,,,,,3.963342343,,,,,,,7.875365903,,,,,,,,,,,-0.040379674,,1.042771869,,-3.335373276,,,,1.902141713,,,,,,3.373781088,,,,,,,,,,,,,,,,,,,,,,
ACH-000783,CAMA1,Breast,Breast Carcinoma,ERpos HER2neg,Luminal,,8.922813692,-7.41291878,,,-8.578349468,,,,,1.627849873,,,3.320376515,-6.897240208,,,,,,,,,,-2.630704945,,,,,,,,,,,,,,,,,,,,,,-5.787762713,,0.05865698,,,,,,,,,,,,,,,,,,-0.028146083,,,,,,,,,,,,,,,,,,,3.091855761,,,,,,,,-1.657108055,,,-0.195459449,,,,,,,,,-3.646920147,,,,,3.568223148,,,,,,,,,,-0.230032675,-2.534998644,,,,3.072017668,,1.233755872,,4.131535715,0.421358973,,,,,,-6.288370795,-0.462500329,,,,,,,-3.523818243,9.888608132,,,-4.336911948,-5.782727724,,,,,,,,,,,,0.623070355,,3.002009298,,,,,1.9925917,,,5.321335514,,,,,,3.05590825,,,,,,,1.357345476,,,,,,,-0.337713502,-0.188258537,,1.045743604,,,,,,,3.014851609,,,,,,,4.209783614,,,,,,,,,,,,4.229995536,,,,,,,,-3.018990825,,,,,,,,,,,2.859486691,3.021422523,,,,2.847951808,3.129356259,3.23726459,,,,,-0.027573693,,,,2.944455317,2.24330406,-0.380227658,,,,,,7.344698996,,,,,-0.506554006,,,-4.121084393,-5.549083091,,2.074982348,4.468469996,0.011934406,,-0.490409763,-8.222697675,,,1.994167588,,,,,,2.632310304,,,,,,,,,,,,,,,,,,,,,,
ACH-000258,DU4475,Breast,Breast Carcinoma,ERneg HER2neg,Luminal HER2 Amp,,10.47278318,,,0.245619349,,,,,0.587424366,0.073403364,,-4.272567172,-2.422037829,,,,,,,-0.788637722,,-2.338696096,,-2.308763032,,,,,,,-1.435468055,1.013315461,,,-8.134600276,,,,,,,,,,,-4.254156016,,0.108782146,,-7.625745101,-2.256903682,,,,,,,,,3.076607517,,,3.023479591,,,-0.689593422,,,,,,,,,,,,,,,3.877645782,,,-2.293009075,2.931694307,,,,,4.267549052,,,-6.184534201,-2.368259504,-6.807283731,,0.269666218,,,,,4.81716366,,,-6.803077754,,-3.873296788,,1.520756457,2.93162622,-3.533812844,,-3.834279226,-1.0432711,,,,-0.557019268,,0.911620114,-1.036203474,,10.37992935,,2.252174508,,-2.007796291,,3.505048865,2.653824583,0.903399923,4.775718727,,1.88682052,4.542331733,-6.926939973,-2.240076147,0.317290913,,,1.07171902,,,-6.648191676,5.717975587,,,-5.673953923,-8.318348001,,2.559625819,2.774572275,,,2.495968511,-3.781268741,,-1.614070623,3.712317349,2.544061613,,,1.481282775,,2.312260117,,,0.50967817,,,3.583574797,,-0.846112188,3.296035541,,,2.874454188,,,3.2246887,3.231856783,-2.485119165,,0.353308754,,,-2.986478066,,,-1.659120439,-0.858843579,-0.694827817,,1.466700721,,,,,-3.65531016,,2.280761498,3.166890848,4.040134693,,,-4.291322024,,4.074606536,,,,1.093106268,,2.88274356,,1.438744172,,2.057612961,2.629175248,3.911442133,,4.234782771,3.049343262,0.195754106,,,,-2.927779444,,,-4.693463659,3.169305654,3.344408941,,,,,,0.720830619,4.075091804,,-3.758051538,0.394293003,2.662882974,1.396255306,1.356593337,2.656474258,,,1.879693618,-0.124053222,,,,1.528997479,1.895887185,-1.048707826,,0.532769256,,0.339238206,,6.530219727,,,,-2.898988541,-3.398989242,3.508204705,,-3.937535106,-7.283914667,,-0.376213617,2.59247715,-1.653848198,0.201739982,-1.526973791,-7.181075657,,,0.055442437,,,,-2.638249789,,1.918821989,1.887088351,,,,,2.675553708,,,-2.179205109,2.335838402,,,,-2.079882649,-0.674547066,-4.444898578,-0.492100493,,,,,
ACH-000330,EFM19,Breast,Breast Ductal Carcinoma,ERpos HER2neg,Luminal,,8.89001213,-8.328822844,,,-7.624742842,,,,,0.482089698,,,,,,,,,,0.258104294,,-2.285607151,,,,,,-3.968392979,,,,,,,,,,,,,,,,-3.596385126,,-3.092564062,,,,,,,,,,,,,,,,,,,,,,,,,,,,,,,,,,,4.196661256,,,,,,,,,,,,-1.103390367,2.50028541,,1.907457825,,,,,,,-8.796301757,,,,,,,2.724495002,,,,,,,,,,1.557652393,,-0.920408538,,,1.605185106,,-1.957712069,,3.001081666,2.160964859,,3.974272055,,,,,-2.174776664,,,,,,,,,,,-5.032571977,,,3.498056115,1.866368726,,,2.701908236,,,2.723562166,,,,3.722745216,2.5725483,,3.711771128,,,-0.430838438,,,4.328232923,,-1.568054602,,,,2.73629489,,,2.962061976,,,,1.137429223,,,,,,-0.324413399,-1.138144197,1.673409822,,1.178878687,,,,,,4.109467003,,,4.159226833,,,,,3.863152301,,,,,,,,,,,,,,,2.787176496,1.549553578,,2.027162535,,,,,,,,2.508362659,,,,,2.996454872,-0.892526357,,,,2.630275193,4.200097792,1.942798121,,,,2.835159794,-1.932866168,,,,1.067236696,1.486199283,-3.028598428,,3.545260816,,,,6.782971859,,,,,-2.148748523,,,-4.655005266,-6.024570156,,,5.072446764,-0.461112277,,,,,,0.859909711,,,,,,2.195426528,,,,,3.867188084,,,,,,,,,,,,,,,,,
ACH-000117,EFM192A,Breast,Breast Adenocarcinoma,ERpos HER2pos,HER2 Amp,,,,,,,,,,,-0.098169994,,,,,,,,,,,,,,,,,,,-4.2136466,,,,,,,,,,,,,,,0.367567921,,-3.140651293,-0.259957014,,,,,,,,,,,,,,,,,,,,,1.402044485,,-4.097359549,,,,,,,,,,,,,,2.8579491,,,,,,,,,-4.941068242,0.633666429,-6.819077519,-3.280925594,,,,,,,-7.212271929,,,,,,2.260396563,3.89130866,,0.989187656,,,,,,-2.526595436,0.436667486,1.478395464,,0.462322316,7.756671911,,1.120206416,,0.543718876,,3.004706548,0.718703059,,3.904050468,-0.81884228,-0.805107085,,-8.222672278,-2.642296526,-1.710299473,,,-1.262246593,,,-5.763994652,11.84766508,,,-3.878920997,-8.067449248,,3.981049842,1.379437674,,,0.056340173,,,,,,,,,,,,,3.006392539,,,5.081629444,,,,,,,,,,,,,3.602700035,,,,,,0.39415358,0.41735529,1.774062311,,1.895875055,,,,,,,,,,,,,,,,,,,,,,,,,,3.874464274,,,,,,,,,,,,,,,,,,,,3.914728647,,-3.12807691,,,,3.632418042,,,1.743526285,,-0.73490002,,,,,2.45196348,-0.689328836,,,,,,7.806785508,,,,,,,,,-2.266646106,,,,0.301611261,,,,,,2.38299478,,,,,,3.281641531,,,,,,,,,,,,,,,,,,,,,,
ACH-001065,EVSAT,Breast,Breast Carcinoma,,,,,,,,-7.744104419,,,,,0.607901779,,,,,,,,,,,,0.069096304,,-4.57755482,,,,-4.27274229,,,,2.29560651,,,-8.290228771,,,,,6.483869408,,,2.154196858,-2.631873495,,-5.153953884,-1.363323367,-1.801144198,,,,,,,,,,,,,,,,,,-1.887488296,,1.644049006,,-3.382779574,,,,,3.307249678,,3.275209548,,3.212282687,,3.550607832,1.23700388,,2.312522641,2.450778872,,,,,,,,-0.179826272,,,1.043911608,,,,,,3.922822889,,,,,,,,,,-0.977416848,,,,,,0.872301602,,,-0.656970243,,11.85427528,,3.89555614,3.790973903,-0.902933955,,,,,,,,,,0.219375005,,,,,,,,11.19093059,,,-3.896767526,,,3.938759027,,,,,,,0.258262605,,,0.132738091,,3.084992717,,,,,1.681954594,,,2.808494381,,-0.159034049,,,,2.680216913,2.156461739,,1.714591637,2.727665051,,,1.557546043,,,-5.379808196,3.37863137,,-2.065036114,-2.153984304,-1.455459242,1.671753084,-0.065565184,,,1.947445951,,-5.27119218,,,,2.693817895,,,,0.688101139,4.009359545,4.073024641,,,,,,,,,3.2392029,-1.240638883,2.845685799,3.908333708,,3.281866725,1.512294552,4.310059995,,,3.143353839,,,,,,3.344928847,,,,,2.685446618,0.834864928,,-3.296630135,,2.798571241,3.977281418,2.561115509,,,-0.561126018,,1.443429153,,,,,3.395780071,-0.977278448,,3.429673272,,,,6.477490712,,,,,,,,,,,2.23429723,5.066490893,-0.456278233,-0.019296924,-0.388563441,,,,3.273019542,2.378727833,,,-2.59474265,,4.040704045,,,,,,,,,,,,1.131330951,,-5.668672907,-1.632666636,,0.783889783,2.095746429,-1.896464512,,,
ACH-000374,HCC1143,Breast,Breast Ductal Carcinoma,ERneg HER2neg,Basal A,,,,,,-6.694824898,,,,,,,,,,,,,,,-2.584254818,,,,,,,,-3.618487791,,,,,,,,,,,,,,,,,,,,,,,,,,,,,,,,,,,,,,,,,,,,,,,,,,,,,3.945516461,2.796817288,,2.702537729,2.29233754,-1.066170923,,,,,,,,,,0.721864111,,,,,,,,,,,,,,3.205929014,,,,,,,,0.761774693,,,,,,,3.928041901,,-0.036185239,,3.084026464,0.861075089,,4.696463003,,,,,-1.260006263,,,2.664550518,,,,,9.812764718,,,-4.925053159,,,3.991393113,,,,2.180158955,,,-0.266494918,,,,3.7699663,3.23838583,,,,,3.228336295,,,4.998116122,,,,,,1.771996895,2.925654231,,3.208424572,,,,1.493451505,,,-4.856095502,,,-1.462295532,-2.505932625,-0.464305237,,0.468995347,,,2.291918484,,,,,,,,,,,3.944949863,4.235558086,,4.098741306,,,,,,,,,3.788910786,,,3.201516697,0.254206579,,,,,,,-2.697883554,,,2.465022035,,,,,3.27544655,1.917963489,,-5.050056404,,,4.041777024,2.92057846,3.527419011,,-1.019836861,,0.228649651,,,,3.993260354,2.018700224,0.920261571,,,,,,6.549118686,,,,,-1.313910674,,4.178138447,,-3.589343729,,1.769477774,,-0.21458783,,,,,,1.61390667,,,,,,4.0143289,,,,,,,,,,,,,,,,,,,,,,
ACH-000111,HCC1187,Breast,Breast Ductal Carcinoma,ERneg HER2neg,Basal A,,10.48517421,-7.044138576,3.252858212,,-8.161003792,,,,,-2.169459495,,,,,,,,,,-1.388713727,,-1.00855056,,,,,,-3.391290521,,,,1.761353819,,,-7.543416986,,,,,5.156888942,,0.588502561,,,,,,,2.228304744,,,,,,,,,-5.832966642,,,,,,,,-0.646576014,,,,,,,,,,,,,,,4.154707046,-0.216327189,3.080129924,2.75111778,2.472582661,,,,,-1.868467257,1.962016886,,-0.34835281,,,1.896717377,,,,,,2.515587366,-7.314625031,,,,,,,3.459383831,,,-0.499787944,,,,,-0.37459443,,,,,,,,,0.572258682,,,4.271416988,,,,,,,1.672842742,0.658670691,,,5.394065186,,,,11.72819756,,,,-5.578949656,,3.717776267,,,,1.658896231,-6.626846491,,-1.439468195,,-0.102617211,0.417511183,4.131852432,,-6.015656657,,,,3.119177259,,,5.292716359,,-3.41135032,,,,2.82372398,1.765912352,,,,,,1.943982107,,,,,,2.154695032,0.979518489,3.905994077,,2.76251457,,,,,-3.389589195,,,,,,,,,,,,,,,,,,,0.848615473,1.589674822,3.063850246,,,3.059484801,,,,,-1.855074259,,,,,1.089431602,3.233983476,,,,,2.558804843,0.650187027,,-4.159017798,,0.389680649,1.76129027,1.197434388,1.911328201,,,3.152510775,-1.002938738,,,,1.776347877,1.594656922,-1.98018647,,0.414582073,,-0.492520767,,6.333314009,,,,-5.076905977,-3.471903342,3.471456681,3.043453441,-4.031826439,-5.202755797,,-0.299297961,3.181042292,-1.38305523,-0.257145086,-3.510028163,-8.988742706,,,1.41065664,,,,-2.626188718,,2.340726996,,4.31161225,,,4.217039144,3.391376631,,,-3.838873174,,,,,,,-4.563874834,,,,,,
ACH-000699,HCC1395,Breast,Breast Ductal Carcinoma,ERneg HER2neg,Basal B,,,,,,,,,,,,,,,,,,,,,,,,,,,,,-5.180920336,,,,,,,,,,,,,,,,,,,,,,,,,,,,,,,,,,,,,,,,2.337186742,,1.372859498,,,,,,,,,,,2.617455241,,,3.104735392,,,,,,,,,,,,0.158013825,,,,,,,-7.708569076,,,,,,,,,,,,,,,-0.799463308,,0.170278707,-1.978390293,,11.15980763,,2.688422653,,2.411534284,,,0.620932213,,,,,,-8.675534849,1.759148869,,,,,,,,11.7758271,,2.53855618,-1.882224098,,,,3.205931923,,,2.980353186,,,,,,,,,,,,,,,,3.194107024,,,,,,3.109612393,,,3.074468127,,,,,,,-2.124764745,,,,,,,,,,,,,,2.356937629,,,,,,,4.143750587,,,,,,,,,,,,,,,,1.609283647,,,,,,,,,,,,,,,2.557532163,1.787355668,,,,3.171071205,3.240711588,2.100317501,3.436717288,,2.877331553,,2.957001729,,,,3.356742654,1.695841747,,,,,,,6.296214008,,,,,-2.225143024,,2.813729825,-0.397474818,-1.261033308,,3.739316122,4.147893786,0.803161884,,,,,,-0.835392689,,,,,,1.441901859,,,,,,3.635681903,,,,,,,,,,,,,,,,
ACH-000277,HCC1419,Breast,Breast Ductal Carcinoma,ERpos HER2pos,HER2 Amp,,,,,,,,,,,1.161570937,,,,,,,,,,,,,,,,,,-5.195389508,,,,,,,,,,,,,,,,,,-3.611651635,,,,,,,,,,,,,,,,,,,,,,,,-0.537682099,,,,,,,,,,,4.157105537,,,,,,,,,,,,-0.500757603,,,2.099711082,,,,,,,,,,,,,,2.649743701,,,,,,,,-0.662467677,,,0.179486598,0.608419557,,,,,1.003437777,,4.02327365,1.487219278,,4.984658754,,,,,1.952540457,,,,,,,-4.258208735,,,,-4.731762835,,,,3.349291648,,,,,,-0.023911824,,,0.30154711,,,,,,,1.27503333,,,4.539312894,,,,,,,,,,,,,1.465049408,,,-2.243881964,,,-0.853648394,0.683566336,1.69274269,,2.814636684,,,,1.135872586,,,,,,,,,,,4.187126382,,,,,,,,,,2.173408444,4.262901125,,,,,,,,-3.402467509,,,,,,2.165272856,,,,,3.239140705,,,,,3.931795021,-0.657782474,-1.602140109,,,-2.225460942,,0.553984795,,,,2.734786497,,-1.308756239,,,,,,6.156892144,,,,,,4.025455445,2.743224505,-3.049370963,-5.612177243,,-0.552802345,,-0.811988057,,,,1.280760006,,1.732224245,,,,,,3.148744958,,,,,,,,,,,,,,,,,,,,,,
ACH-000352,HCC1428,Breast,Breast Carcinoma,ERpos HER2neg,Luminal,,10.02647967,,,,,,,,,-0.599888233,,,,,,,,,,,,,,,,,,,,,,,,,,,,,,,,,,,,,,,,,,,,,,,,,,,,,,,,-0.963946838,,,,2.012793352,,,,,,,,,,,4.240223981,,,,,,,,,,,,-0.705425637,,,2.079777946,,,,,,,,,,,,,,3.104531744,,,,,,,,0.130090303,,,-1.734982891,,,,3.922810972,,2.742737973,,,3.917613216,,,,,,-7.054503091,-1.461627406,,,,,,,,,,,-6.194758222,,,,,,,,,,,,,,,3.260085861,,,,,3.156443602,,,4.317706736,,,,,,3.052731425,,,,,,,1.128637697,,,-5.530018152,,,-1.355186146,-1.14800568,-0.455750498,,1.113384778,,,,,,,,,,,,,,4.258604619,,,,,,,,,,,,,,,,,,,,,,,,,,,,,,,2.314283277,4.13690263,,,,,4.296987522,2.524345756,,,2.770831554,,2.521999055,,,,3.003845281,2.296229251,1.649409595,,,,,,,,,,,,,3.693391127,-3.396009402,-6.05462163,,,,0.141984376,,,,,,1.18083957,,,,,,2.753082022,,,,,,,,,,,,,,,,,,,,,,
ACH-000349,HCC1500,Breast,Breast Ductal Carcinoma,ERpos HER2neg,Luminal,,8.433379381,,,,,,,,-3.578664247,0.911312679,,,,,,,,,,,,,,,,,,,,,,,,,,,,,,5.422453629,,,,,,-2.937993571,,-1.989900105,,,,,,,,,,,,,,,,,,,,,,,,,,,,,,,,,3.489724516,,,,3.00644542,,,,,,,,-1.377214548,,,-0.198723897,,,,,,,,,,,,,,1.879581744,,,,,,,,1.449861484,,2.269478661,,,8.98897437,,2.698562902,,-0.184323133,,,1.248278472,,4.969341414,,,,-6.929830036,-0.600736448,,,,,,,,,,,-4.13732902,,,3.596903013,3.709998971,,,2.411108933,,,-1.485961363,,,-0.593083183,,,,,,,0.881552345,,,3.324467795,,,,,,2.837126414,,,,,,,2.260236391,,,-1.686424166,,,-0.971045066,-0.270458141,0.017984215,,1.637534093,,,,,,,,,,,,,,,4.168091955,,,,,-2.528359434,,,,,,,,,3.343591171,,,,,,,,,,,,,,,,1.895365644,3.019798019,,-1.544495058,,3.381982684,2.871059547,1.959716008,,,,4.057350342,1.983289787,,,,,2.243767834,-0.962581332,,4.099181466,,,-4.767358842,6.811703741,,,,,-1.097092818,,,-2.959535814,-5.459585316,,-0.242773808,,-0.164935677,,-9.084904693,,1.975607496,,2.001805831,,,,,,2.161917747,,,,,3.825409341,4.167058865,,,,,,,,,,,,,,,,
ACH-000930,HCC1569,Breast,Breast Carcinoma,ERneg HER2pos,Basal A,,10.60336561,,,,,,,,-0.560133027,2.623213182,,,,,,,,,,,,,,,,,,,,,,,,,,,,,,,,,,,,,,,,,,,,,,,,,,,,,,,,,,1.269839517,,-0.771618729,,,,,,,,,,,3.85553435,2.193412059,,3.200816238,,,,,,,,,-2.577786007,3.083011079,,0.094229724,,,,,,,-4.884284251,,,,,,3.349739429,2.87496498,,,-2.184219933,,,,2.308104164,-1.428498884,,1.613917091,-1.680465403,,11.32846156,,2.58096967,,0.063574694,,3.9064684,2.234481887,,,,,,-7.884735509,,,,,0.258060721,,,-5.37262772,11.78234004,,,-4.162224532,,,3.916959163,2.379640765,,,2.024897552,,2.222706017,-0.354736321,,,0.700623625,4.253109091,,,3.877996964,,,2.385436061,,,4.035153825,,-2.946506583,,,,2.843240546,,,,,,,2.430436313,,,-3.542753718,,,-0.795629206,-0.744389155,0.427802972,,1.169607662,,,,,-5.633287084,,,,,,,,,,4.197293432,,,,,2.335837631,,,,,-2.476181922,,,,2.819055009,0.781695652,,,,-0.168441224,,,,,,,,,,,2.740790455,,,-1.004759948,,2.420560937,2.960242376,2.613409602,3.118944858,,-2.821502028,,0.9611526,,,,3.537722737,2.079816238,-0.490801234,,,,,,6.752381626,,,,,,,3.298047518,-0.967002259,-5.017173704,,0.588594221,4.522070928,-0.575057092,,,,,,1.955582722,,,,,,2.674395324,,,,,,,,,,,,,,,,,,,,,,
ACH-000196,HCC1599,Breast,Breast Ductal Carcinoma,ERneg HER2neg,Basal A,,,,,,,,,,,,,,,,,,,,,,,,,,,,,,,,,,,,-6.356967595,,,,,,,,,,,,,,,,,,,,,,,-5.303725691,,,,,,,,,,,,,,,,,,,,,,,,,,,,,,,,,,,-3.640448693,-0.557010743,-4.324557336,-1.198740632,,,,,,3.847945198,-7.019174469,,-8.021087045,,,,,2.765236872,,,,,,,,-1.297114438,,,,1.183522731,7.518780437,,3.242686699,,-1.084407444,,3.28090348,4.648202957,,,,1.774600944,,,-0.403426284,0.407834894,,,1.222707395,,,-4.366775384,9.740763554,,,-5.50530582,-6.606744132,,2.989964874,3.854007057,,,2.751123582,-5.508042614,,-1.861752534,,,1.130501549,,2.351727212,,,,,0.89544103,,,3.394096356,,-2.925794284,,,,,-0.843379719,,3.248879543,,,,0.123743252,4.216658993,,,,,-3.074346227,-2.636576363,-1.627818089,,-1.463268061,,,,,-4.520930796,,1.875511547,,3.671942383,,,,,4.17058567,4.109420858,,3.975500152,,,0.133917015,,,-0.01805451,,-0.206029862,0.687930234,,4.137663069,,-0.2384903,4.198815162,,,-3.306220075,,,-3.995008148,,3.129592224,,,,,,1.077696366,2.671896531,,,,1.3598425,2.031682023,0.800242371,2.697229519,,,2.636760595,-1.28971376,,,,1.60150199,1.851433142,-1.890743795,,1.507415251,,0.805054398,,6.056514994,,1.345885727,,-4.475363937,-3.546753478,3.446675259,,-2.932200975,-6.847346142,,-2.368610765,3.210065356,-1.84120262,-0.732994347,,-8.598405546,,,0.090354096,,,,-4.137593832,,1.669050483,,,,,,3.893780245,,,-4.287679133,,,1.257461281,,-3.239375418,-2.252548931,-5.79737261,-0.016995424,,,,,
ACH-000624,HCC1806,Breast,Breast Ductal Carcinoma,ERneg HER2neg,Basal A,,9.381379184,-9.606164357,2.528560902,-1.710574349,-9.040596815,,,,,,,,,,,,,,,-3.120384807,,-2.344797487,,-2.695736795,,,,-4.764868149,,,,,,,,,,0.7944018,,6.109160588,,,,,,,,0.41379199,,,,,,,,,,,,,,,2.868597092,,,0.947314787,,,,,,,,,,,,,,,4.011935516,0.250312813,,2.394012886,2.218895903,-5.548047711,,-5.586104087,,1.347668434,,,-3.052613013,3.253856191,-7.420911705,-1.695387171,,,,,,-1.129860663,-6.915661101,3.341206999,-7.367882151,,,,,3.561595503,,,-4.662816866,,,,,-1.467966075,,1.677689243,,2.337377742,11.2270961,,2.327639611,,0.059355244,,4.697800626,,,4.960789833,,,,-7.327272985,-2.771511212,,,,-1.25481434,,,,9.858201855,,,-2.699442302,-8.527798452,,3.045443535,3.821959806,,,0.332240733,-6.676811875,,-0.701092971,,,2.746186049,,2.708882919,3.064387506,,,,2.910578288,,,3.911735577,,-2.364125391,,,,2.309464843,1.132958986,,,,,,3.201231847,3.933349979,,,,,-0.137900483,-0.607384261,0.533430805,,1.64583257,,,,,,,,,,,,,,4.03924201,4.144466559,,,,,3.840675627,,,,0.49935807,,,,,3.178188724,1.515338169,,,,,,,-1.881255666,,,2.688733482,,,,,2.021950903,1.268738457,,,,3.992984026,1.966882103,1.235368055,2.938026033,,-2.367757907,,0.891785847,,,,3.545599815,2.228234429,2.578158393,,2.438518489,,,,7.500843294,,,,,-2.542701139,,,-2.600480724,-4.428709373,,2.223462814,4.08102334,-0.512370155,,-0.400016941,-6.679732227,,,1.72553086,,,,,,2.188144753,,4.304396031,,,4.268761039,4.128997162,,,,,,,,,,,,,,,,
ACH-000223,HCC1937,Breast,Breast Ductal Carcinoma,ERneg HER2neg,Basal A,,,,,,,,,,,,,,,,,,,,,-0.484891229,,,,,,,,-5.880531269,,,,,,,,,,,,,,,,,,,,,,,,,,,,,,,,,,,,,,,,,,1.112861187,,,,,,,,,,,,,,,3.042670022,,,,,,,,-2.205497493,,,0.709176496,,,,,,,,,,,,,,,,,,,,,,-0.01090929,,,,,10.37191395,,2.577254607,,0.549917059,,3.8252795,3.103668444,,4.264186665,,,,,0.00550741,,,,,,,-4.21786542,11.68690911,,,-3.403648668,,,,2.337366465,,,2.251713878,,,,,,,4.308516794,2.94572439,,,,,0.742324152,,,4.067878814,,-1.53986634,,,,2.24941867,,,,,,,3.575221133,,,-4.816591426,,,0.763795077,-0.060471349,1.092651977,,1.927348475,,,,,,,,,,,,,,4.057221314,4.292832452,,,,,,,,,,,,,,,2.323355758,,,,,,,,,,1.408034568,,,,,3.19536792,0.509813841,,-2.693761744,,,3.583411815,2.677592871,3.897039155,,2.529518764,,1.855126135,,,,4.068833969,2.173675352,3.873293029,,,,,,7.692446417,,,,,,,,-0.373219178,-2.366314966,,,,0.213574702,,,,,,1.575408654,,,,,,2.70891098,,,,,,,,,,,,,,,,,,,,,,
ACH-000859,HCC1954,Breast,Breast Ductal Carcinoma,ERneg HER2pos,Basal A,,,,,,,,,,,,,,,,,,,,,,,,,,,,,,,,,,,,,,,,,,,,,,,,,,,,,,,,,,,,,,,,3.217471844,,,-0.008827672,,3.163818882,,-3.880575979,,,,,,,,,,,4.186748614,3.203911949,,2.997744915,2.867967423,,,,,,,,-0.773800278,,,1.51879635,,,,,,4.561277602,-6.961374097,,,,,,,2.911157136,,1.705347959,,,,,1.926369202,-0.964709071,,,,1.602191282,9.853630073,,3.094368425,,-0.56687875,,3.899340361,1.224041319,1.351437793,4.742745154,,,,-6.475794223,1.482625236,,,,,,,,11.03755412,,,-3.090403245,-6.095918722,,2.655598944,3.424468437,,,2.159550047,-6.787602871,,-1.718179427,,,-0.520796082,1.058915489,,,3.682981054,,,-0.821505255,,,5.265184228,,-1.221348025,,,,1.571059236,,,,,,,,,,-5.198283403,,,,,,,,,,,,-7.252570121,,,,,,,,,,4.131920017,,,,,3.964332558,,,,,,,,,,,,,,0.599258502,,,,,,0.157426012,,,,,,4.160251934,,,,4.195619584,3.434299904,2.785254338,3.875485623,,-3.218032038,,-1.563016728,,,,,1.952624092,-1.574511783,,,,,,6.720322451,,,,,-2.01819555,4.116150472,3.518961079,-1.045657783,-3.579578651,,,4.233620369,1.222724257,,,,1.959799165,,2.191272947,,,,,,2.652570113,,,,,,,,,,,,,,,,,,,,,,
ACH-000725,HCC202,Breast,Breast Ductal Carcinoma,ERneg HER2pos,HER2 Amp,,,,,,,,,,,2.163607855,,,,,,,,,,,,,,,,,,,,,,,,,,,,,,,,,,,,,,,,,,,,,,,,,,,,,,,,,,,,0.665201274,,,,,,,,,,,4.171233756,,,,,,,,,,,,-0.113642603,,,2.471347549,,,,,3.115879453,,,,,,,,,2.597118832,,,,,,,,,,,,,,,2.644473191,,,,3.689642745,2.14001684,-0.347293086,,,,,,-0.056057776,,,,4.664001608,,,-3.178639515,11.22070901,,,-5.235462407,,,3.212209265,,,,,,,-1.412574307,,,0.625597577,,3.243613269,,,,,-2.036269896,,,2.712183428,,,,,,,,,3.062486976,,,,1.966983762,,,-4.762723316,,,-1.523516287,-1.774209259,-1.001369033,,0.724904177,,,,,,,,,,,,,,4.178438239,,,,,,,,,,,,4.004878664,,,,2.155732205,,1.652001271,,1.932684407,,,,,,,,,,,1.765582389,1.811774557,,,,3.320352585,2.787033785,2.714226035,,,-0.803203307,3.481725181,-0.254144225,,,,1.766642105,-0.015494582,-1.447011457,,,,,,7.924248442,,,,,,,,-3.646163326,-5.339824088,,-1.18856531,,-1.412516081,,-8.1766805,,,,1.078148528,,,,,,2.38448389,,,,,,3.797532883,,,,,,,,,,,,,,,,
ACH-000691,HCC2157,Breast,Breast Ductal Carcinoma,ERneg HER2neg,Basal A,,8.760548236,-4.736912246,,,-7.395512861,,,,,-0.751044093,,,,,,,,,,-1.647561486,,-0.693620532,,-1.496408495,,,,-5.371917072,-1.294740791,,,,,,-7.900340782,,,,,,,,,1.252890879,,-2.992390707,0.10028469,,,,,,1.393439219,,,,,,,,,,,2.729966192,,-0.435872881,,0.279051766,2.299283586,-1.872252241,3.123826819,,,,,,,,1.834453117,,,,,2.806285677,1.645115845,-4.398050395,,,,,,,-2.355931417,,,0.44363257,,,,,,,-5.737965853,,-4.513497739,,,,,,,,,,,,,-0.674423879,,,-1.23064541,1.390700701,11.86132799,,3.909625297,,-1.189192492,,,3.796517904,,,,,,-7.302247701,0.17739875,,,,,,,-4.147869667,10.02683826,,,-5.165299541,-8.982337261,,,2.056203437,,,2.433833244,,,,,,,,,,,,,,,,5.085750868,,-4.061683574,,,,2.343442951,,,,,,,0.777264834,,,,,,,2.278673898,1.826648912,,2.19039839,,,,,-4.757079407,,,,,,,,,,,,,,,,,,,2.822171761,-2.180495857,,,,,,,,,-2.849837853,,,,,,3.011462599,,,,,2.872252101,3.922167711,,,,3.277300072,3.161725191,2.611719658,4.177375238,,-1.507429388,3.489382153,0.001864488,,4.187490876,,,3.047539939,-1.351947367,,2.741535945,,,,7.532884211,,,,,-2.708884602,,4.215040865,-3.488361344,-4.226517086,,-1.855024548,5.087273483,0.086947028,,,-7.626042608,,,2.189617208,,,,-3.012451213,,3.629100275,,,,,,3.82851885,,,,,,,,,-0.469921799,,0.93366966,,-1.886058558,,,
ACH-000755,HCC2218,Breast,Breast Ductal Carcinoma,ERneg HER2pos,HER2 Amp,,,,,,,,,,,1.032733739,,,,,,,,,,,,,,,,,,,-5.088916216,,,,,,,,,,,,,,,,,,,,,,,,,,,,,,,,,,,3.15432747,,0.146105684,,1.58555952,,1.364380911,,,-3.402706542,,,,,,,,4.115644414,,,,3.255369327,,,,,4.308192854,,,-1.444373177,,,-0.001761487,,,,,-2.190730456,,,,,,,,,3.900391789,,,,,,,,0.484403422,,,,,,,3.748930262,,-0.584760945,,4.431349315,2.177409809,0.537971408,,,,,-2.558686246,1.763528235,,,,,,,,,,,-5.133287327,,,2.501192963,,,,,,,-1.441404446,,,,,,,,,,,,,3.230246892,,-3.424540696,,,-2.317219352,3.022257081,,,,,,,1.490910734,,,,,,,-0.668966272,2.506355373,,1.317006507,,,,,-5.692742847,,,,,,,,,4.145001571,4.024011922,0.831069842,,,,,,1.646260085,,2.844008523,0.414346762,,,,,,,,,,,,,,,0.957597329,,,,,2.931855026,3.799789835,,3.634329688,,3.030829596,4.009373251,,,,1.540322171,2.941695563,2.201897069,,,,2.651100489,,,,3.212512441,,,,6.894128531,,,,,-2.179357493,,,-0.930033026,-5.834632058,,-1.13996885,3.375670156,1.084968462,,,,,,1.608208393,,,,-2.55181209,,2.719723955,,1.367767123,,,,3.8517108,,,,,,,,,-1.174066517,,0.559442294,,,,,
ACH-000276,HCC38,Breast,Breast Ductal Carcinoma,ERneg HER2neg,Basal A,,,-5.920519942,,,-6.460881327,,,,0.162646819,,,,,,,,,,,0.45965773,,,,-0.695801872,,,,,,,,,,,,,,,,6.490212532,,,,,,,,,,,,,,,,,,,,,,,,,,-1.267066103,,,,1.012876126,,,,,,,,,,,,1.492532468,,3.318506229,3.295005185,,,,,,,,-4.048545137,1.547694068,-5.365120533,0.305993331,,,,,,,-7.844868059,,-5.531955077,,,,,3.86924953,,,,,,,,0.721148096,,,-1.38564673,,11.13799691,,3.374440662,,0.021864903,,4.465344363,3.160022568,,,,,,-7.354859798,2.159907371,,,,-1.619680699,,,-5.212193459,10.6601692,,,-4.849179402,-6.813133149,,,3.280297964,,,2.958851997,,,,,,,,,2.019715571,,,,3.072022717,,,4.152918048,,,,,,2.738817035,,,3.242771206,,,,2.130004158,4.317679421,,,,,-0.310713668,-0.896285653,0.123171142,,1.378778091,,,,,,,,,,,,,,4.14954348,,,,,,4.079378535,,,,,,,,,1.774268038,0.008015622,,,,3.051182622,,,-2.713609667,,,1.227296666,,,,,2.856679192,1.104737373,,-3.022940672,,,2.091787403,2.203898805,0.877155416,,-1.928969054,,1.778956179,,,,3.10901442,1.798512027,1.175810437,,4.045927671,,,,6.700966215,,,,,-1.523967922,,3.228880293,-2.613905991,-4.034276953,,0.250514842,3.132945024,-0.533602271,,-6.035436671,-6.57380412,2.577564167,,1.724994252,,,,,,2.544729921,,,,,,,,,,,,,,,,,,,,,,
ACH-000668,HCC70,Breast,Breast Ductal Carcinoma,ERneg HER2neg,Basal A,,10.29261216,,3.281574866,,,,,,,2.473407918,,,,,,,,,,-1.14424344,,,,,,,,,,,,,,,,,,,,6.540031919,,,,0.421618685,,,,,,,,,,,,,,,,,,,,,,-1.184139776,,,,,,,,,,,,,,,4.072542078,,,3.085534355,2.548183019,,,,,,,,-0.814658127,,,0.141749171,,,,,,,-7.645251491,,,,,,,3.050018701,,,-1.270949423,,,,,-1.458216369,0.463441454,,-1.137746802,2.254632713,8.784280478,,3.958657535,,0.809495498,0.705320028,,2.211798503,,,,1.264580851,3.773209804,-5.854329677,0.798644029,0.200471421,,,,,,-3.813472889,11.60253589,,,-3.946008095,-6.812732999,,3.279578029,1.386854756,,,2.521186215,-3.712755747,,-2.232035578,,,-1.229451594,,,2.612622903,,,,,,,3.605731606,,-3.629069826,,,,2.795586308,,,3.016800384,,,,1.754317301,,,-1.422000404,,,-0.441410223,-1.077320418,-0.383146924,,0.316237244,,,,,-4.840233972,,,,4.094234188,,,,,3.637694572,4.146815159,,,,,,,,,-1.295402044,1.77360379,3.206617687,,,,1.901420021,4.181972269,,,,,,,,,3.043824023,,,,,2.505768688,-0.466984853,,,,3.949281836,3.08604614,2.564737442,,,-1.77264448,,-0.431247153,,,,3.465106676,2.172694242,-0.546702067,,2.693355232,,,,7.773826818,,,,,-2.998566711,,,-0.548879072,-3.96740766,,-0.073488631,,-0.628361117,,,,,,1.785762496,,,,,,3.910783944,,,,,,,,,,,,,,,,,,,,,,
ACH-000643,HDQP1,Breast,Breast Ductal Carcinoma,ERneg HER2neg,Basal A,,10.87452045,,,,,,,,,,,,,,,,,,,0.750681343,,0.566429547,,,,,,,,,,,,,,,,,,,,,,,,,,,,,,,,,,,,,,,,,,,,-0.482278089,,,,,,,,,,,,,,,,,,0.507080801,,,,,,,,,,,,,,,,,,,,,,,,,,,,,,,,,,,,,,,11.13445649,,3.07462911,,-0.144326354,,,,,4.723924317,,,,,3.904050799,,,,,,,,11.69275676,,,,,,,3.990100966,,,2.925384625,,,,,,,,,,,,,,,,,,,,,,,,,,,,,4.114712031,,,-5.171196905,,,1.815758943,0.818168726,2.001375767,,2.270043797,,,,,,,,,,,,,,,,,,,,,,,,,,,,,,1.616277021,,,,,,,,,,,,,,,2.978934333,2.713322202,,,,,2.490524289,2.227195583,2.873723453,,0.655273305,3.722066092,1.360973789,,,,,1.838197206,0.892278072,,,,,,5.921233851,,,,,,,3.592733387,,,,0.884874889,5.138278996,1.209639467,,-0.711627372,,,,1.794184542,,,,,,2.572881038,,,,,,,,,,,,,,,,,,,,,,
ACH-000148,HS578T,Breast,Breast Carcinoma,ERneg HER2neg,Basal B,,,-7.132661582,,,-7.66163931,,,,,1.952206853,,,,,,,,,,-0.832582504,,,,-3.09565311,,,,-5.56384102,,,,1.599577573,,,,,,,,,,,1.46865935,,,-5.092774857,1.281070473,-0.08625172,,-4.844071271,,,,,,,,,,,,,,,,-2.875608084,,2.291611853,,-1.017770161,,,,,,,,,,,,1.919132493,,2.381648129,2.915077986,,,,,,,,,,,3.598260677,,,,,,,,,,,,,,,,,,,,,,,,,,,11.33656112,,3.981354365,,0.991916752,,4.134767532,,,,,,,,0.497630693,,,,,,,,10.2054548,,,,,,,3.727946339,,,,,,,,,,,,,,,,,,,,,,,,,,,,,,,,1.412442904,,,0.75120333,,,1.587037774,0.720708696,2.858536904,,2.948316746,,,,,,,2.708000273,,,,,,,,,,,,,,,,,,,,,,,0.895484578,,,,-3.961762794,,,,,,,,,,,2.376770555,3.723820805,,-2.818684924,,1.380764163,1.90825613,0.931887835,1.134527441,,,1.12592916,-1.646334699,,,,-0.404842413,1.217589104,-1.479402899,,1.960319401,,,,5.783628167,,,,,,3.567429941,3.875391163,-1.425578156,-3.692263366,,-1.369279436,4.57574209,-1.348385296,,-4.676087014,,,,0.103642565,,,,,,2.661168504,,4.311351672,,,,,,,,,,,,,,,,,,,,
ACH-000711,JIMT1,Breast,Breast Ductal Carcinoma,ERneg HER2pos,Basal A,,9.731588365,-7.701170313,,,-8.731643248,,,,,1.242636991,,,,,,,,,,-1.011265225,,,,-3.387972557,,,,-5.499857739,,,,,,,,,,,,,,,,,,-4.879108059,1.184374514,0.087788267,,,,,,,,,,,,,,,,3.159644845,,-1.301427697,,,,-2.401520933,,,,,,,,,,,,0.776215143,,1.422014336,1.623273324,,,,,,,,,3.527399849,-2.743610896,1.220329166,,,,,,,-7.437631882,,,,,,,,,0.057693706,,,,,,-1.141641488,,-0.726141465,,,10.43669002,,3.144067956,,-0.708016924,,3.758444342,1.246250991,,4.692647198,,,,-7.436545769,0.009794048,,,,1.075325336,,,-6.489023084,11.7411089,,,-3.773717135,-9.774397972,,,1.307088228,,,2.465797151,-5.123308612,,,,,1.817419312,,,,,,,,,,,,,,,,3.040201997,,,3.33761674,,,,,,,,,,,,2.918247814,,2.785280542,,,,,,,,,,,,,,,,,,,,,,,,,,,,,,,,,,,,,,,,,,,,,,3.628394174,,,,,,,,,,,,,,,,,,,,,,,,,,,,,,,,,,,,,,,,,,,,,,,,,,,,,,,,,,,,,,,,,,,,,,
ACH-000019,MCF7,Breast,Breast Carcinoma,ERpos HER2neg,Luminal,,,-4.571338013,,,-7.233595744,,,,,2.591878898,,,,,,,,,,,,,,-5.769712579,,,,-5.81401999,,,,,,,,,,,2.87256908,6.303270678,,,,,,-3.584752497,0.118130145,-0.968057537,,,,,2.136288888,2.194638051,,,0.777106129,,,,,,,,,-1.083414595,,,,,2.506342978,,,,,,,,2.662560561,,,,,1.678228916,1.951353462,,,,,,,,-5.803293211,0.283341109,-7.532175614,,,,,,,4.690774629,-7.141013865,,-4.695931097,,,,1.491321327,,,-0.881372675,-1.753919294,-1.233196141,,,,-1.287596207,1.211714532,0.797611527,,-0.888041858,11.63822714,,0.499391347,,-0.121961135,,2.792814245,1.839179169,,1.891404486,0.576428498,0.817757947,,,,-1.781388577,,2.99721674,0.942644873,,,-7.785855833,7.455031634,,,-5.230489613,-11.61029809,,,-1.28956502,,,1.05916722,,,,,,,,,,,,,,,,,,,,,,,,,,,,,2.616636553,,,1.468656609,,,,,,,2.97635139,,,,,,,,,,,,,,,,0.263869837,,,,,,,,,,,,,,,,,,1.103861599,,,,,,,,,,,2.890997747,,,,,,3.213586159,3.228062933,3.711883288,,-0.021213413,,2.090419377,,,,3.880432778,2.714367811,1.084796987,,3.153316439,,,,6.66059858,,,,,-3.075972798,4.13298023,,-4.885194239,-4.308330522,,0.956984253,4.09587293,-0.045120168,,,,,,1.444813809,,,,,,2.99723636,,,,,,,,,,,,,,,,,,,,,,
ACH-000621,MDAMB157,Breast,Breast Ductal Carcinoma,ERneg HER2neg,Basal B,,,,,,,,,,,,,,,,,,,,,,,,,,,,,,,,,2.009187538,,,,,,0.470755368,,6.400145174,,,,,,-4.630467581,,0.377390807,,,,,,,,,,,,,,,,,,0.252922015,,,,,,,,,,,,,,,,,,2.017705798,2.727101583,,,,,,,,-0.991939389,,,1.175067788,,,,,,,,,,,,,,,,,,,,,,0.423312948,,2.117634253,,,10.0283512,,3.219194436,,-0.402948328,,2.990508053,4.239293074,,,,,,,0.16085738,,,2.954772005,,,,,11.37911789,,,-5.9898006,,,,,,,1.380309374,,,2.680742355,,,,4.289395109,,2.128656578,,,,3.197652589,,,,,-1.426975419,,,,,,,,,,,3.15240985,,,-2.768481496,,,0.517901949,-0.073311206,1.120337209,,1.755026313,,,,,,,,,,,,,,,,,,,,,,,,,,,,,,1.685917372,,,,,,,,,,,,,,,3.261989835,1.445402487,,-3.978803902,,,,3.409979289,3.371583846,,2.866153023,,1.125891897,,,,3.059101263,2.049898962,,,3.696800507,,,,7.611701131,,,,,-2.065447139,4.299448237,,-1.719585034,-4.086766892,,-0.28566343,5.241764302,-0.173735775,,-7.443563553,,,,1.780609531,,,,,,3.189042095,,,,,,,,,,,,,,,,,,,,,,
ACH-000759,MDAMB175VII,Breast,Breast Ductal Carcinoma,ERpos HER2neg,HER2 Amp,,,,,,,,,-1.010819854,,2.225865392,,2.138684175,,,,,,,,,,,,-5.224162722,,,,,-4.478680944,,,1.590068074,,,,,,,,,,,,-1.827171495,,-4.017063626,-1.080502773,,,,,,2.116554981,,,,,,,,,,,,,-0.314147878,,,,0.15943148,,,,,,,,,,,,,,,,,,,,,,,,,,2.171936197,,,,,-1.273995389,,,,,,,,,2.738315815,,1.715230947,,,,,,,,,,,,,,,1.6178032,,4.659516596,1.255476688,,,,,,,1.637154124,,,,3.813647365,,,,,,,-2.333706968,,,,,,,,,,,,,-0.159687703,3.953231437,,,,,,0.192316985,,,,,,,,1.643150369,3.077022805,,,,,,,3.639658021,,,-1.772541896,,,-1.247625405,-0.284072956,1.782889948,,2.449859945,,,,-5.345902676,-5.938138601,,,,,,,,,,4.182864918,,,,,4.271894177,,,,,-1.26012396,4.153089964,,,,,,,,2.016200233,,,,,,,,,,,3.342938344,4.225107887,,,,3.396406328,,-3.621388535,3.926726204,,-0.469405839,,-0.357485083,,,,2.416640794,,-0.998968315,,,,,,6.819564285,,,,,,,,,,,1.478280564,,1.057630651,,,,,,2.149032462,,,,,,3.187911587,,,,,,,,,,,,,,,,,,,,,,
ACH-000768,MDAMB231,Breast,Breast Carcinoma,ERneg HER2neg,Basal B,,,-3.792274639,,,,,,,,2.568026986,,0.644891958,3.03173237,,,,,,,,,0.109907019,,,,,,-5.098374057,,,,,,,,,,,,6.448861953,,,,,,-2.019973132,,,,,,,,,,,,,,,,,,,,-2.415049947,,,,,2.100824595,,,,,,,,,,,,,0.6908754,1.178082312,,,,,3.018313936,,,,3.387965571,-5.063522213,2.58281958,,-1.308714659,,,,,,,,,,,,3.195745526,1.971744295,,,,,,,0.49008904,,1.003582629,,,9.599004723,,2.166523478,,0.297398585,,4.621701816,,,,,,,-8.130876245,0.44800055,,,,-0.185323868,,,-3.631204067,10.41183984,,,-3.615093695,,,3.83041551,2.942259436,,,,,,0.634067002,,,,,,2.039737603,,,,1.841749502,,,5.288756627,,-0.54015916,,,,2.973632415,,,,,,,2.406041902,,,,,,-0.722705104,-0.171284864,,,2.31111668,,,1.584765776,,,,,,,,,,,,,,,3.316801927,,,,,,,,,,,3.249508135,,,,,,,,,,,3.288734139,,,,,3.695638382,4.127874442,,,,,3.812592624,2.691783572,,,2.309072641,3.949578398,1.188817141,,,,,2.575985859,,,,,,,6.510498448,,,,,,,,,,-0.086312096,-0.010272033,4.177708961,1.216803092,,,,,,1.577498854,,,,,,2.761005006,,,,,,,,,,,,,,,,,,,,,,
ACH-001358,MDAMB330,Breast,Breast Carcinoma,,,,,,,,,,,,-2.909835803,0.650311671,,,,,,,,,,,,0.882022472,,,,,,,,,,,,,,,,,,,,,,0.784743221,,-4.047674827,,-0.137733789,,,,,,,,,,,,,,,,,,,,2.107239965,,-1.697248411,,,,,,,,,,,,,,,2.328263539,,,,,,,,-1.175698275,,,0.386728171,,,,,,,,,,,,,,3.513570605,,1.614898862,,,,,,0.31988941,,1.890615659,-1.489834609,0.23393846,11.89797311,,3.314286419,,0.384322312,0.843208715,2.982995209,1.081931837,,,,,,-7.631115649,1.631463247,,,,5.040366305,,,-4.966496008,11.47318,,,-3.417147068,,,3.944026195,2.135983303,,,2.50293935,,,-0.422367119,,,1.76250824,,,,,,,0.754345535,,,4.991183638,,-1.415452838,,,,3.320909674,,,,,,,1.498865337,,,-3.440669682,,,-1.113381939,-0.107875476,0.108181401,,1.685225803,,,,,-5.013199355,,,,,,,,,,,,,,,,,,,,,4.177286189,,,,,,,,0.356327506,,,,,,,,,,,3.63951453,3.462465414,,-4.887794519,,4.01723917,3.279562788,3.234769666,,,-1.456130698,,-0.163479236,,,,2.783915202,1.642822711,-0.35284985,,,,,,5.942500115,,,,,,3.753158127,,-4.972672798,-5.672827888,,,4.915371598,-1.205847525,,,,,,1.278089199,,,,,,2.205755593,,4.286345383,,,,3.986121076,,,,,,,,,,,,,,,,
ACH-000934,MDAMB361,Breast,Breast Carcinoma,ERpos HER2pos,HER2 Amp,,10.89091906,-9.04975755,,,-8.157984536,,,,,1.536604154,,,,,,,,,,,,-0.512303071,,-5.094612792,,,,-5.01751679,,,,,,,,,,,,,,,,-0.140580011,,-2.279550998,-0.322636639,-0.207340782,,,,,,,,,,,,,,,,,,-0.956946939,,,,,,,,,,,,,,,,1.683766147,,2.83085347,2.110282973,,,,,,,,-1.151235033,,,0.768777637,,,,,,,-6.224252267,,,,,,,,,0.757760979,,,,,2.204039738,-0.462364387,,,-1.192889065,-0.914294151,11.27749766,,3.157381809,,0.397967677,-0.423252602,4.221646512,1.298619988,,,,,,-7.2069103,0.310142624,,,,,,,-5.756564998,,,,-5.547796401,,,,1.627151773,,,1.34437582,,,,,,0.952976657,4.190055056,,,,,,,,,,,,,,,3.145034343,,,,,,,1.175468431,,,-0.929735248,,,-1.740807393,-1.852664901,-0.381388833,,0.910463782,,,,,-7.101590471,,,,,,,,,,,,,,,,,,,,,1.87848741,,,,,,,,-2.992452382,,,-2.611309492,,,2.697610993,,,,,3.316461717,,,,,,3.811231048,2.463611084,3.92775844,,,2.761831274,-1.474692175,,,,3.300621661,2.169800446,-2.214872052,,,,,,7.620732692,,,,,,,,-2.136056753,-5.223545301,,0.010402187,,0.182512207,,,,,,1.487665655,,,,,,3.166258776,,,,,,,,,,,,,,,,,,,,,,
ACH-000876,MDAMB415,Breast,Breast Carcinoma,ERpos HER2neg,HER2 Amp,,10.01386942,-5.75197169,,,-7.00150571,,,,,3.123003865,,,,,,,,,,,,,,,,,,,,,,,,,,,,,,,,,,0.487301362,,,,,,,,,2.252411867,,,,,,,,,,,,,,,2.137092128,,-0.643557569,,,,,,,,,,,,,,,3.173223575,,,,,,,,,,,-0.059258446,,,,,,,-6.189397521,,,,,,,,,,,,,,-1.308365433,0.699803295,,,,,,,3.8870757,,0.255065494,,,,,,,,,,1.656197907,,,,,,,,11.45588008,,,-2.411719713,,,,3.395522856,,,,,,,,,1.047347769,,,3.219879904,,,,,,,,,,,,,3.286548473,,,,,,,,,,-3.450274548,,,,,,,3.641402478,,,,,,,,,,,,,,,,2.113019315,,,,,,,,,,,,,,,,,,,,,,,,,,,,,3.404806264,3.543823961,,,,3.477914213,4.051108248,3.25664952,,,0.480206782,,0.978813193,,,,2.904477745,3.316164461,-0.167911004,,,,,,7.712812266,,,,,,,,,,,3.012924713,,0.614480557,,,,,,2.378211727,,,,,,2.814830261,,,,,,,,,,,,,,,,,,,,,,
ACH-000573,MDAMB436,Breast,Breast Carcinoma,ERneg HER2neg,Basal B,,,,2.821555714,,,,,,,2.13001598,,,,,,,,,,,,,,-2.922712172,,,,-5.996123352,,,,,,,,,,,,,,,,,,,,,,,,,,,,,,,,,,,,,,-1.079381685,,,,,,,,,,,,,,,,,,1.833908977,1.673698806,,,,,,,,,,,1.84251485,,,,,,5.227902332,,,-4.615607054,,,,,,,,,,,,,-0.204718263,,,,,11.11027373,,3.942233208,,1.077594836,,3.195376237,0.614291864,,,,,,-7.451092074,0.687502359,,,,,,,,11.81423463,,,-1.099914804,,,,3.657299716,,,,,,,,,3.006442796,,,,,,,3.213844256,,,4.818451636,,,,,,3.328465739,,,,,,,,,,-4.575833975,,,,,,,3.025704332,,,,,,,,,,,,,,,,,,,,,,,,,,,,,,,,,,,,,,,,,,,,,3.750446298,1.516901711,,,,,3.746086631,3.082011883,,,2.820828223,4.243631201,1.630645292,,,,,2.816805232,0.98125878,,,,,,6.282081491,,,,,,,,,,,,4.994853062,1.279743353,,,,,,2.758399272,,,,,,4.084985793,,,,,,,,,,,,,,,,,,,,,,
ACH-000910,MDAMB453,Breast,Breast Carcinoma,ERneg HER2neg,HER2 Amp,,,,,,,,,,,1.149227749,,,,,,,,,,,,,,,,,,,,,,,,,,,,,,,,,,,,,,,,,,,-0.469572504,,3.089596136,,,,,,,0.743777015,,,,-1.909571254,,,,,,,,,,,,,,,,2.676523209,,2.762905847,2.516377601,,,,,,,,,,,0.763391064,,,,,,,,,,,,,,3.19767158,,0.679028045,,,,,,,,,-0.449911317,,,,3.805468361,,1.562410982,,,,,,3.91933874,,,,,,,,,,,-2.808269491,8.530019193,,,-4.235194839,,,3.749082861,,,,,-4.571200586,,,,,-0.380616678,1.621571003,,,,,,1.455567024,,,3.53966296,,-2.297003399,,,,2.762506447,,,,,,,-0.063310233,4.151534213,,,,,-3.631790528,-3.51044499,-3.146271895,2.0157913,-0.935248023,,,,3.719470768,-7.06752115,,,,,,,,,4.204520021,4.171990192,3.251832136,,,,-1.747882545,,,,,-1.425906918,2.788754499,4.207051896,,3.21002306,,,2.129185479,,-3.913035366,,,-4.269251572,,,-0.942250713,,,,,2.800148467,3.51140531,,4.192292471,,3.934729623,2.240929484,2.57192686,4.235575885,,,3.100131556,-2.512818211,,,,3.715301397,1.738054234,-2.15022463,,2.689979036,,,,6.31838517,,,,,,,,-4.122026636,-6.970957799,,-1.361064134,3.357701561,-0.949846626,,,,2.266610525,,2.096904112,,,,,,2.359560615,,,,,4.079748071,3.750081528,,,,,,,,,,,,,,,,
ACH-000849,MDAMB468,Breast,Breast Carcinoma,ERneg HER2neg,Basal A,,,,,,-6.441004091,,,,,2.565007874,,,2.758411051,,,,,,,0.324071946,,-0.134237021,,,,,,-9.055220978,,,,0.998240694,,,,,,,,6.054966213,,,,,,,,,,,,,,,,,,,,,,,,-0.001721196,,-2.352782633,,1.075769249,,-3.696539368,,,,,,,,,,,4.057276096,1.480123208,,1.39454338,1.944919162,,,,,,,,-2.990194474,1.341530061,-5.513704282,-0.622242706,,,,,,3.846755219,-7.464832361,,-6.98638309,,,,,2.500430312,,,,-1.942127241,,,,-0.506983967,,,-0.306241694,,,,3.760385688,,0.0949869,,4.112814855,1.122916497,,,,,,-7.881541827,0.25384325,0.408835492,,,,,,-4.760480175,6.993770807,,,-1.24112899,-8.404009071,,3.85282439,,,,,-7.254200537,,-0.09754112,4.189979857,-0.126936677,0.92416173,4.300495559,1.590550967,-5.536124861,,,,2.545486643,,,3.528592103,,-1.774551024,,,,2.677981725,,,,,,,2.840264063,,,,4.134420182,,1.953714823,,,,2.600960188,,,2.341018615,,-4.382146504,,3.104432473,,,,,,,4.121874294,4.257978092,1.247571301,,,,-0.161734203,,,,1.112151876,1.320219824,4.273439352,2.841698366,4.216475571,,0.506985131,,,,-2.956566644,,,-2.204451178,,3.313482715,0.730989507,,,,,1.89808841,1.593147789,,,,2.788963041,2.145646469,1.344534108,1.751830109,,,2.644490772,-0.762161882,,,,2.409807803,1.295592791,-0.581272995,,2.153608689,,,,6.681469203,,,,-4.287519501,-2.350430605,3.09221842,,-1.430850736,-3.41681513,,-0.144741564,2.266082328,-1.627767899,,,-8.984706869,1.891883417,,1.668287396,,,,,,2.123007835,,,,,,4.089174428,,,,,,,,,,,,,,,,
ACH-002163,MRKNU1,Breast,Breast Carcinoma,,,,,,,,,,,,,,,,,,,,,,,,,,,,,,,,,,,,,,,,,,,4.086993764,,,,,,,,,,,,,,,,,,,,,,,,,,,,,,,,,,0.916372028,,,,,,,,1.02839205,,2.937583337,2.588965575,-5.208274302,,,,,,,-3.36482853,-0.607141857,-6.052557066,-1.860684636,,,,,,,-7.69018494,,,,,,,,,,,-1.17119812,,,,-1.163963738,0.816533486,,,,11.0937656,,2.295477864,,-2.959200046,,3.88913619,1.756736485,,,,2.113167505,0.748907885,-3.522146413,-2.991398606,,,,2.340426318,,,-6.921636815,10.16466769,,,-2.035310448,-9.472181535,,3.999395194,,,,2.368224507,,,,,,,,,,,,,,,,5.302500325,,,,,,3.247224813,,,3.128933173,,,,1.807583233,,,,3.514438651,,,,,,2.789820471,,,,,-3.903766079,,1.788739936,,3.714318323,,,,,3.891212261,,,,,,-3.039695752,,,,,0.121416612,,,,,,,,,,,,,,,2.564535874,,,,,2.423694815,0.877192177,,-4.642226219,,1.639150838,2.035303602,1.907614717,1.973171902,,,1.523193066,-0.917406052,4.282926676,,,3.386881805,1.382153506,-2.104875432,,1.08060621,,,,6.414344247,,,,-2.737821056,-3.446892712,3.92576664,3.59031121,-3.297523406,-4.377223644,,-2.195160292,3.51753269,-1.168195597,1.312405739,,-8.246770633,1.238028306,,1.890385484,,,,,,2.323752443,,,,,,,,,,,,,,,,,,,,,,
ACH-002179,OCUBM,Breast,Breast Carcinoma,,,,,,,,,,,,,2.335607362,,,,,,,,,,,,,,,,,,,,,,,,,-10.82376166,,,,,4.167582784,,,,-0.047762445,,-3.165730859,,0.248041324,,,,,0.248358342,,2.532412716,,,-8.321450719,,3.547135668,,,,1.09412797,,-2.8462557,,1.245708151,,,,,-2.825583121,1.539695219,,,1.549088635,,,,3.907559507,0.881451176,,2.124262149,1.460434525,,,,,3.269586769,,,-6.138485667,-2.735780701,-6.533744491,-2.769414995,,,,,0.665187248,3.035890418,-8.562017805,,,,,,2.223450805,2.384914645,,0.358852268,,,,,1.257442368,1.070438238,,2.057613447,,2.200877399,,,2.253967914,,0.723859507,1.083794761,2.748603879,0.100083685,,4.494131578,0.824272144,1.94604521,,-8.235540812,-1.542522788,-0.488178804,,1.642339614,1.569088788,,,-5.389774776,6.604927798,,2.24146761,-5.755049593,-9.356249055,,3.812413086,0.42621017,,,1.008688681,-6.465953542,,-0.973023281,4.177885348,,0.013809078,3.986959445,0.241082702,,,,,-1.376909953,,,3.739812044,,-2.88421958,,,2.500276688,-0.410967413,2.74683095,,2.857970075,,,,0.552235067,,,,3.577376473,,-1.777596989,-2.501570542,-1.360362181,,-0.411654062,,,0.451795505,-3.298013019,-7.534584979,,,,3.678022456,,,,,3.995883717,3.56442504,-0.742441344,4.099886605,3.055788705,3.144975243,-3.526621419,,1.944281303,,1.352984371,-1.208280618,2.310059834,2.876488603,,2.942500512,,,,,-4.586376787,-4.63724257,-2.876947974,-4.285433741,2.695439463,1.298053393,-2.097893726,,,,,2.463670387,0.295765962,,,0.927265552,2.54580795,-1.109257545,-0.801879197,1.541827079,,,1.43904534,-1.706226592,,,,4.310542023,-1.808760485,-1.896639348,,2.450113334,,-0.351107192,,6.358609768,,,,,-2.061269523,3.685942189,,-4.062498732,-5.404476559,,-1.821107416,3.279890857,-0.768100068,-0.868291439,,,3.766311541,,1.772287754,,,,-3.966378983,1.733895459,2.448060783,,,,,3.655627698,3.997344619,1.51519779,,-5.361536948,2.317539078,2.872585115,1.945314913,,-6.798929927,-4.785365528,-6.064806533,0.9691878,2.299514112,-3.158253256,,,
ACH-000147,T47D,Breast,Breast Ductal Carcinoma,ERpos HER2neg,Luminal,,9.36622501,,,,-8.957399155,,,,,2.122530843,,,,,,,,,,,,,,,,,,-4.383183101,,,,,,,,,,,,6.315119461,,,,0.095607216,,-2.706965142,,-1.267773086,,,,,0.834302111,,,,,,,,,,3.138604127,,,-1.348054852,,,,,,,,,,,,,,,4.072223661,,,,2.671928413,,,,,,,,-0.784443227,,,3.055050568,,,,,,,,,,,,,,3.313690639,,0.822976736,,,,,,,,,,2.190600195,,,2.574604883,,-1.048485663,,,,,4.830022996,,,,,0.726588183,,,,,,,,11.7907193,,,-5.090180853,,,,3.354190176,,,,,,,,,-1.638673478,,3.292917272,,,,,0.835757782,,,3.587005805,,,,,,1.53571102,,,3.055375902,,,,1.920591288,,,-2.403376741,4.294419272,,-1.69343846,-2.324007112,-1.129913571,,0.352512597,,,,,-8.873467479,,,,,,,,,4.06774924,4.062486008,,3.937323844,,,,,,,,0.115017358,0.6358726,,,,,,,,,,,,,,,,,,,3.593710333,2.693415798,,,,,4.321807777,3.899026274,,,,,3.140819902,,,,,3.930505232,,,,,,,7.911913708,,,,,,,,-3.930503145,-5.719706819,,,5.099576801,1.300267684,,,,,,1.977780141,,,,,,2.824036338,,,,,,,,,,,,,,,,,,,,,,
ACH-000568,UACC812,Breast,Breast Ductal Carcinoma,ERpos HER2pos,Luminal,,,,,,,,,,,,,,,,,,,,,,,,,,,,,,,,,,,,,,,,,,,,,,,,,,,,,,,,,,,,,,,,,,,,,,,,,,,,,,,,,,,,,,,,,,,,,,,,,3.789324946,,,,,,,,,,,,,,3.861323847,,,,,,,,-0.300000101,,,,,,,,,2.344637448,,,,,,,,,,3.905750022,,,,,,,,,,,,,,,,,,,,,,,,0.94533052,4.315445628,,,,,,2.751563462,,,5.306206034,,,,,,3.070665541,,,3.268436289,,,,,,,,,,0.204799741,,1.057789231,,2.818682256,,,,,,,,,,,,,,,4.266843127,,,,,,,,,,,,,,,2.192530727,,,,,,,,,,,,,,,4.253065734,3.473737646,,,,,3.478209267,4.224105961,,,,,,,,,,,,,,,,,6.931640903,,,,,0.728189966,,,-0.771567471,-2.272754545,,2.66349089,,2.22461768,,,,3.087510449,,1.97074925,,,,,,2.958627005,,,,,,,,,,,,,,,,,,,,,,
ACH-000554,UACC893,Breast,Breast Ductal Carcinoma,ERneg HER2pos,HER2 Amp,,,,,,,,,,,,,,,,,,,,,,,,,,,,,,-1.788294219,,,,,,,,,,,,,,,,,-0.787260085,,0.678889547,,,,,1.367366292,,,,,,,,,3.063009235,,,,0.545233508,,,,-2.541207814,,,,,,,,,,,,,,2.676171951,3.267265575,,,,,,,,-0.710947468,,,-0.79243197,,,,,-0.809341987,,,,,,,,,3.626533564,,1.109182877,,,,,1.926476331,,,,,,,,,,,,4.891863397,2.322158443,,,,,,,1.807919952,,,,,,,-2.862668901,11.59130593,,,-2.907674939,,,3.978097765,3.935223499,,,,,,1.755029834,,,0.211623654,2.247814836,,,,,,1.357420503,,,5.108811426,,-0.980964731,,,,1.976250177,,,3.1721569,,,,2.6431049,,,-1.283998742,,,,,,,2.533929223,,,,-1.647244481,-6.29439102,,,,,,,,,4.194333933,4.23876837,2.914758836,,,,0.82282658,,,,,0.654568273,,,,,,,,,-3.22955564,,2.141232476,,,,-0.17492639,,,,,2.737908328,2.717099511,,,,2.090741283,1.484182627,0.365196878,,,,3.176992065,-2.174389016,,,,1.599174982,-0.146437937,-2.902886856,,,,,,7.687809588,,,,,-1.510790247,,,-3.074709864,-4.886862177,,-2.066165832,,-0.105379025,,,,,,2.436680576,,,,,,3.111677165,,,,,,,,,,,,,,,,,,,,,,
ACH-002208,YMB1E,Breast,Breast Ductal Carcinoma,,,,,,,,,,,,,,,,,,,,,,,,,,,,,,,,,,,,,,,,,,,,,,,,,,,,,,,,,,,,,,,,,,,,,,,,,,,,,,,,,,,,,,,,,,,,,,,,,,,,,,,,,,,,,,,,,,,,,,,,,,,,,,,,,,,,,,,,,,,,,,,,,,,,11.91081729,,,,,,,,,,,,,,,,1.027298133,,,,,,,,,,4.491898701,,,,,,2.651134944,,,,,,,,,,-3.242565842,,,,,,,3.258642782,,,,,-5.41090205,,,,,,,,,,4.114875101,,,,,,,,,,,,,,,2.329598999,,,,,,,,,,3.037921434,,,,,3.854423076,3.350058776,,,,,3.882718617,3.655796635,,,1.477565321,,2.266134252,,,,,3.455047647,1.055806202,,,,,,7.217100082,,,,,,,,,-2.292580398,,,,0.919280541,,-1.597628784,,,,1.972793977,,,,,,3.123400004,,4.067604921,,,,,,,,,,,,,,,,,,,,
ACH-000828,ZR7530,Breast,Breast Ductal Carcinoma,ERpos HER2pos,HER2 Amp,,,,,,,,,,,,,,,,,,,,,,,,,,,,,-5.007891975,,,,,,,,,,,,,,,,,,,,,,,,,,,,,,,,,,,,,,2.087495781,,3.231713281,,2.330841857,,,,,,,,,,,,,,,,,,,,,,,,,,,,,,,,,,,,,,,,,,,,,,,,,,,,,,,,,,,,,,,,,,,,,,,,,,,,,,,,,,,,,,,,,,,,,,,,,,,,,,,,,,,,,,,,,,,,,,,,,,,,,,,,,,,,,,,,,,,,,,,,,,,,,,,,,,,,,,,,,,,,,,,,,,,,,,,,,,,,,,,,,,,,,,,,,,,,,,,,,,,,,,,,,,,,,,,,,,,,,,,,,,,,,,,,,,,,,,,,
